timestamp,bz2452,bz2453,bz2454,bz2457,bz2458,bz2460,bz2462,bz2463,bz2464

2023-07-10 00:00:00,159.0,103.0,6.0,0.0,21.0,0.0,0.0,0.0,0.0
2023-07-10 01:00:00,111.0,14.0,3.0,0.0,1.0,0.0,0.0,0.0,0.0
2023-07-10 02:00:00,80.0,11.0,8.0,0.0,4.0,0.0,0.0,0.0,0.0
2023-07-10 03:00:00,88.0,3.0,0.0,0.0,1.0,0.0,0.0,0.0,0.0
2023-07-10 04:00:00,32.0,5.0,1.0,0.0,0.0,0.0,0.0,0.0,0.0
2023-07-10 05:00:00,66.0,10.0,4.0,0.0,6.0,0.0,0.0,0.0,0.0
2023-07-10 06:00:00,115.0,13.0,25.0,2.0,26.0,0.0,0.0,0.0,0.0
2023-07-10 07:00:00,442.0,0.0,73.0,126.0,68.0,0.0,0.0,0.0,0.0
2023-07-10 08:00:00,904.0,7.0,102.0,141.0,145.0,0.0,0.0,0.0,0.0
2023-07-10 09:00:00,1281.0,49.0,187.0,906.0,1108.0,0.0,0.0,0.0,0.0
2023-07-10 10:00:00,1451.0,48.0,190.0,1371.0,1265.0,0.0,0.0,0.0,0.0
2023-07-10 11:00:00,1896.0,42.0,224.0,1874.0,1262.0,0.0,0.0,0.0,0.0
2023-07-10 12:00:00,2022.0,41.0,125.0,1467.0,1145.0,0.0,0.0,0.0,0.0
2023-07-10 13:00:00,2245.0,55.0,177.0,1109.0,896.0,0.0,0.0,0.0,0.0
2023-07-10 14:00:00,1924.0,74.0,198.0,1052.0,590.0,0.0,0.0,0.0,0.0
2023-07-10 15:00:00,1601.0,47.0,145.0,1033.0,353.0,0.0,0.0,0.0,0.0
2023-07-10 16:00:00,1861.0,109.0,210.0,907.0,366.0,0.0,0.0,0.0,0.0
2023-07-10 17:00:00,1695.0,60.0,142.0,666.0,199.0,0.0,0.0,0.0,0.0
2023-07-10 18:00:00,1350.0,61.0,131.0,138.0,135.0,0.0,0.0,0.0,0.0
2023-07-10 19:00:00,978.0,39.0,107.0,0.0,191.0,0.0,0.0,0.0,0.0
2023-07-10 20:00:00,721.0,163.0,87.0,0.0,193.0,0.0,0.0,0.0,0.0
2023-07-10 21:00:00,523.0,166.0,66.0,0.0,118.0,0.0,0.0,0.0,0.0
2023-07-10 22:00:00,293.0,318.0,76.0,0.0,49.0,0.0,0.0,0.0,0.0
2023-07-10 23:00:00,311.0,276.0,55.0,0.0,59.0,0.0,0.0,0.0,0.0
2023-07-11 00:00:00,147.0,92.0,47.0,0.0,32.0,0.0,0.0,0.0,0.0
2023-07-11 01:00:00,112.0,17.0,24.0,0.0,3.0,0.0,0.0,0.0,0.0
2023-07-11 02:00:00,106.0,11.0,15.0,0.0,1.0,0.0,0.0,0.0,0.0
2023-07-11 03:00:00,72.0,0.0,13.0,0.0,0.0,0.0,0.0,0.0,0.0
2023-07-11 04:00:00,48.0,1.0,2.0,0.0,1.0,0.0,0.0,0.0,0.0
2023-07-11 05:00:00,64.0,0.0,7.0,0.0,0.0,0.0,0.0,0.0,0.0
2023-07-11 06:00:00,164.0,8.0,32.0,8.0,18.0,0.0,0.0,0.0,0.0
2023-07-11 07:00:00,457.0,0.0,71.0,124.0,75.0,0.0,0.0,0.0,0.0
2023-07-11 08:00:00,880.0,21.0,108.0,184.0,61.0,0.0,0.0,0.0,0.0
2023-07-11 09:00:00,965.0,48.0,150.0,637.0,296.0,0.0,0.0,0.0,0.0
2023-07-11 10:00:00,1609.0,38.0,169.0,1259.0,1792.0,0.0,0.0,0.0,0.0
2023-07-11 11:00:00,1860.0,93.0,116.0,1189.0,1026.0,0.0,0.0,0.0,0.0
2023-07-11 12:00:00,1800.0,62.0,157.0,1173.0,965.0,0.0,0.0,0.0,0.0
2023-07-11 13:00:00,2352.0,25.0,200.0,1041.0,836.0,0.0,0.0,0.0,0.0
2023-07-11 14:00:00,1674.0,53.0,209.0,1275.0,599.0,0.0,0.0,0.0,0.0
2023-07-11 15:00:00,1806.0,60.0,211.0,1355.0,226.0,0.0,0.0,0.0,0.0
2023-07-11 16:00:00,1993.0,22.0,169.0,1111.0,396.0,0.0,0.0,0.0,0.0
2023-07-11 17:00:00,1824.0,38.0,122.0,582.0,602.0,0.0,0.0,0.0,0.0
2023-07-11 18:00:00,1256.0,74.0,80.0,294.0,252.0,0.0,0.0,0.0,0.0
2023-07-11 19:00:00,808.0,116.0,34.0,330.0,171.0,0.0,0.0,0.0,0.0
2023-07-11 20:00:00,699.0,208.0,60.0,0.0,134.0,0.0,0.0,0.0,0.0
2023-07-11 21:00:00,425.0,201.0,39.0,0.0,251.0,0.0,0.0,0.0,0.0
2023-07-11 22:00:00,404.0,67.0,30.0,0.0,280.0,0.0,0.0,0.0,0.0
2023-07-11 23:00:00,295.0,82.0,32.0,0.0,73.0,0.0,0.0,0.0,0.0
2023-07-12 00:00:00,141.0,7.0,39.0,0.0,47.0,0.0,0.0,0.0,0.0
2023-07-12 01:00:00,81.0,10.0,10.0,0.0,48.0,0.0,0.0,0.0,0.0
2023-07-12 02:00:00,89.0,7.0,19.0,0.0,4.0,0.0,0.0,0.0,0.0
2023-07-12 03:00:00,37.0,3.0,0.0,0.0,0.0,0.0,0.0,0.0,0.0
2023-07-12 04:00:00,22.0,0.0,1.0,0.0,0.0,0.0,0.0,0.0,0.0
2023-07-12 05:00:00,30.0,4.0,2.0,0.0,1.0,0.0,0.0,0.0,0.0
2023-07-12 06:00:00,109.0,3.0,26.0,7.0,37.0,0.0,0.0,0.0,0.0
2023-07-12 07:00:00,343.0,2.0,78.0,116.0,93.0,0.0,0.0,0.0,0.0
2023-07-12 08:00:00,748.0,49.0,172.0,164.0,493.0,0.0,0.0,0.0,0.0
2023-07-12 09:00:00,1182.0,62.0,199.0,376.0,692.0,0.0,0.0,0.0,0.0
2023-07-12 10:00:00,2016.0,125.0,165.0,1496.0,1686.0,0.0,0.0,0.0,0.0
2023-07-12 11:00:00,1798.0,87.0,188.0,1911.0,1809.0,0.0,0.0,0.0,0.0
2023-07-12 12:00:00,1940.0,117.0,185.0,1608.0,1537.0,0.0,0.0,0.0,0.0
2023-07-12 13:00:00,2230.0,86.0,202.0,1385.0,1037.0,0.0,0.0,0.0,0.0
2023-07-12 14:00:00,1755.0,136.0,179.0,1421.0,1428.0,0.0,0.0,0.0,0.0
2023-07-12 15:00:00,2063.0,261.0,197.0,955.0,711.0,0.0,0.0,0.0,0.0
2023-07-12 16:00:00,1831.0,77.0,223.0,990.0,925.0,0.0,0.0,0.0,0.0
2023-07-12 17:00:00,1606.0,63.0,111.0,570.0,585.0,0.0,0.0,0.0,0.0
2023-07-12 18:00:00,1049.0,49.0,82.0,578.0,250.0,0.0,0.0,0.0,0.0
2023-07-12 19:00:00,990.0,156.0,108.0,530.0,225.0,0.0,0.0,0.0,0.0
2023-07-12 20:00:00,752.0,126.0,53.0,0.0,848.0,0.0,0.0,0.0,0.0
2023-07-12 21:00:00,563.0,165.0,58.0,0.0,262.0,0.0,0.0,0.0,0.0
2023-07-12 22:00:00,404.0,186.0,37.0,0.0,95.0,0.0,0.0,0.0,0.0
2023-07-12 23:00:00,365.0,50.0,28.0,0.0,22.0,0.0,0.0,0.0,0.0
2023-07-13 00:00:00,174.0,29.0,12.0,0.0,3.0,0.0,0.0,0.0,0.0
2023-07-13 01:00:00,153.0,17.0,11.0,0.0,1.0,0.0,0.0,0.0,0.0
2023-07-13 02:00:00,126.0,3.0,2.0,0.0,4.0,0.0,0.0,0.0,0.0
2023-07-13 03:00:00,78.0,0.0,2.0,0.0,2.0,0.0,0.0,0.0,0.0
2023-07-13 04:00:00,69.0,1.0,0.0,0.0,4.0,0.0,0.0,0.0,0.0
2023-07-13 05:00:00,76.0,1.0,4.0,0.0,11.0,0.0,0.0,0.0,0.0
2023-07-13 06:00:00,154.0,4.0,26.0,22.0,43.0,0.0,0.0,0.0,0.0
2023-07-13 07:00:00,370.0,0.0,86.0,111.0,91.0,0.0,0.0,0.0,0.0
2023-07-13 08:00:00,746.0,11.0,95.0,63.0,69.0,0.0,0.0,0.0,0.0
2023-07-13 09:00:00,1330.0,42.0,161.0,624.0,663.0,0.0,0.0,0.0,0.0
2023-07-13 10:00:00,1839.0,63.0,157.0,1248.0,2655.0,0.0,0.0,0.0,0.0
2023-07-13 11:00:00,2582.0,46.0,157.0,1747.0,843.0,0.0,0.0,0.0,0.0
2023-07-13 12:00:00,2490.0,66.0,162.0,1675.0,1483.0,0.0,0.0,0.0,0.0
2023-07-13 13:00:00,2681.0,169.0,211.0,1523.0,1736.0,0.0,0.0,0.0,0.0
2023-07-13 14:00:00,2229.0,274.0,197.0,1274.0,1395.0,0.0,0.0,0.0,0.0
2023-07-13 15:00:00,1942.0,248.0,141.0,2466.0,1334.0,0.0,0.0,0.0,0.0
2023-07-13 16:00:00,1731.0,35.0,220.0,1505.0,1558.0,0.0,0.0,0.0,0.0
2023-07-13 17:00:00,1855.0,67.0,72.0,965.0,1001.0,0.0,0.0,0.0,0.0
2023-07-13 18:00:00,1399.0,101.0,89.0,371.0,197.0,0.0,0.0,0.0,0.0
2023-07-13 19:00:00,1047.0,180.0,53.0,477.0,157.0,0.0,0.0,0.0,0.0
2023-07-13 20:00:00,715.0,255.0,90.0,254.0,556.0,0.0,0.0,0.0,0.0
2023-07-13 21:00:00,627.0,123.0,69.0,204.0,296.0,0.0,0.0,0.0,0.0
2023-07-13 22:00:00,470.0,107.0,60.0,0.0,83.0,0.0,0.0,0.0,0.0
2023-07-13 23:00:00,334.0,43.0,36.0,0.0,25.0,0.0,0.0,0.0,0.0
2023-07-14 00:00:00,239.0,35.0,14.0,0.0,28.0,0.0,0.0,0.0,0.0
2023-07-14 01:00:00,208.0,16.0,4.0,0.0,6.0,0.0,0.0,0.0,0.0
2023-07-14 02:00:00,100.0,7.0,9.0,0.0,0.0,0.0,0.0,0.0,0.0
2023-07-14 03:00:00,97.0,2.0,3.0,0.0,4.0,0.0,0.0,0.0,0.0
2023-07-14 04:00:00,93.0,1.0,6.0,0.0,5.0,0.0,0.0,0.0,0.0
2023-07-14 05:00:00,106.0,4.0,3.0,0.0,2.0,0.0,0.0,0.0,0.0
2023-07-14 06:00:00,116.0,2.0,20.0,7.0,43.0,0.0,0.0,0.0,0.0
2023-07-14 07:00:00,318.0,0.0,51.0,244.0,61.0,0.0,0.0,0.0,0.0
2023-07-14 08:00:00,473.0,12.0,80.0,127.0,134.0,0.0,0.0,0.0,0.0
2023-07-14 09:00:00,1123.0,50.0,149.0,524.0,253.0,0.0,0.0,0.0,0.0
2023-07-14 10:00:00,1213.0,57.0,157.0,981.0,2140.0,0.0,0.0,0.0,0.0
2023-07-14 11:00:00,1965.0,129.0,168.0,1427.0,1257.0,0.0,0.0,0.0,0.0
2023-07-14 12:00:00,1939.0,243.0,239.0,1641.0,865.0,0.0,0.0,0.0,0.0
2023-07-14 13:00:00,2054.0,293.0,224.0,1446.0,1304.0,0.0,0.0,0.0,0.0
2023-07-14 14:00:00,2184.0,239.0,211.0,1786.0,1549.0,0.0,0.0,0.0,0.0
2023-07-14 15:00:00,2286.0,126.0,171.0,1451.0,533.0,0.0,0.0,0.0,0.0
2023-07-14 16:00:00,1989.0,114.0,173.0,1178.0,605.0,0.0,0.0,0.0,0.0
2023-07-14 17:00:00,2892.0,224.0,107.0,846.0,811.0,0.0,0.0,0.0,0.0
2023-07-14 18:00:00,3867.0,123.0,97.0,604.0,275.0,0.0,0.0,0.0,0.0
2023-07-14 19:00:00,4241.0,195.0,119.0,575.0,425.0,0.0,0.0,0.0,0.0
2023-07-14 20:00:00,4071.0,281.0,82.0,162.0,946.0,0.0,0.0,0.0,0.0
2023-07-14 21:00:00,4164.0,73.0,51.0,366.0,479.0,0.0,0.0,0.0,0.0
2023-07-14 22:00:00,4542.0,214.0,80.0,0.0,192.0,0.0,0.0,0.0,0.0
2023-07-14 23:00:00,2911.0,210.0,51.0,0.0,74.0,0.0,0.0,0.0,0.0
2023-07-15 00:00:00,1491.0,506.0,45.0,0.0,23.0,0.0,0.0,0.0,0.0
2023-07-15 01:00:00,601.0,163.0,26.0,0.0,13.0,0.0,0.0,0.0,0.0
2023-07-15 02:00:00,462.0,92.0,15.0,0.0,30.0,0.0,0.0,0.0,0.0
2023-07-15 03:00:00,314.0,80.0,6.0,0.0,1.0,0.0,0.0,0.0,0.0
2023-07-15 04:00:00,305.0,23.0,7.0,0.0,4.0,0.0,0.0,0.0,0.0
2023-07-15 05:00:00,146.0,5.0,2.0,0.0,7.0,0.0,0.0,0.0,0.0
2023-07-15 06:00:00,78.0,16.0,12.0,8.0,5.0,0.0,0.0,0.0,0.0
2023-07-15 07:00:00,224.0,2.0,23.0,35.0,34.0,0.0,0.0,0.0,0.0
2023-07-15 08:00:00,461.0,21.0,31.0,60.0,66.0,0.0,0.0,0.0,0.0
2023-07-15 09:00:00,1429.0,57.0,189.0,751.0,513.0,0.0,0.0,0.0,0.0
2023-07-15 10:00:00,2048.0,173.0,150.0,2021.0,2559.0,0.0,0.0,0.0,0.0
2023-07-15 11:00:00,2848.0,215.0,120.0,1467.0,1570.0,0.0,0.0,0.0,0.0
2023-07-15 12:00:00,3847.0,303.0,104.0,1872.0,905.0,0.0,0.0,0.0,0.0
2023-07-15 13:00:00,3140.0,309.0,78.0,2309.0,1645.0,0.0,0.0,0.0,0.0
2023-07-15 14:00:00,2900.0,147.0,78.0,2025.0,958.0,0.0,0.0,0.0,0.0
2023-07-15 15:00:00,3292.0,53.0,70.0,1718.0,313.0,0.0,0.0,0.0,0.0
2023-07-15 16:00:00,3331.0,70.0,56.0,1184.0,194.0,0.0,0.0,0.0,0.0
2023-07-15 17:00:00,3919.0,55.0,60.0,483.0,213.0,0.0,0.0,0.0,0.0
2023-07-15 18:00:00,4645.0,74.0,102.0,107.0,283.0,0.0,0.0,0.0,0.0
2023-07-15 19:00:00,3470.0,103.0,188.0,0.0,333.0,0.0,0.0,0.0,0.0
2023-07-15 20:00:00,3090.0,283.0,154.0,0.0,1055.0,0.0,0.0,0.0,0.0
2023-07-15 21:00:00,4578.0,200.0,51.0,0.0,371.0,0.0,0.0,0.0,0.0
2023-07-15 22:00:00,5279.0,638.0,89.0,0.0,97.0,0.0,0.0,0.0,0.0
2023-07-15 23:00:00,2767.0,1821.0,98.0,0.0,46.0,0.0,0.0,0.0,0.0
2023-07-16 00:00:00,468.0,887.0,87.0,0.0,4.0,0.0,0.0,0.0,0.0
2023-07-16 01:00:00,312.0,234.0,39.0,0.0,12.0,0.0,0.0,0.0,0.0
2023-07-16 02:00:00,348.0,80.0,36.0,0.0,5.0,0.0,0.0,0.0,0.0
2023-07-16 03:00:00,163.0,15.0,19.0,0.0,2.0,0.0,0.0,0.0,0.0
2023-07-16 04:00:00,184.0,7.0,4.0,0.0,1.0,0.0,0.0,0.0,0.0
2023-07-16 05:00:00,115.0,3.0,9.0,0.0,15.0,0.0,0.0,0.0,0.0
2023-07-16 06:00:00,81.0,0.0,20.0,0.0,27.0,0.0,0.0,0.0,0.0
2023-07-16 07:00:00,156.0,0.0,17.0,13.0,10.0,0.0,0.0,0.0,0.0
2023-07-16 08:00:00,450.0,3.0,15.0,26.0,31.0,0.0,0.0,0.0,0.0
2023-07-16 09:00:00,732.0,11.0,70.0,233.0,303.0,0.0,0.0,0.0,0.0
2023-07-16 10:00:00,1227.0,51.0,94.0,1640.0,1181.0,0.0,0.0,0.0,0.0
2023-07-16 11:00:00,2261.0,86.0,127.0,1101.0,1181.0,0.0,0.0,0.0,0.0
2023-07-16 12:00:00,3130.0,234.0,157.0,1824.0,933.0,0.0,0.0,0.0,0.0
2023-07-16 13:00:00,4109.0,89.0,124.0,2386.0,952.0,0.0,0.0,0.0,0.0
2023-07-16 14:00:00,5321.0,203.0,209.0,2483.0,550.0,0.0,0.0,0.0,0.0
2023-07-16 15:00:00,5013.0,66.0,129.0,2170.0,456.0,0.0,0.0,0.0,0.0
2023-07-16 16:00:00,5470.0,244.0,163.0,1868.0,417.0,0.0,0.0,0.0,0.0
2023-07-16 17:00:00,3842.0,108.0,174.0,1234.0,211.0,0.0,0.0,0.0,0.0
2023-07-16 18:00:00,4738.0,86.0,68.0,19.0,260.0,0.0,0.0,0.0,0.0
2023-07-16 19:00:00,4768.0,26.0,40.0,0.0,354.0,0.0,0.0,0.0,0.0
2023-07-16 20:00:00,4220.0,56.0,31.0,0.0,283.0,0.0,0.0,0.0,0.0
2023-07-16 21:00:00,3797.0,371.0,34.0,0.0,174.0,0.0,0.0,0.0,0.0
2023-07-16 22:00:00,1721.0,254.0,41.0,0.0,77.0,0.0,0.0,0.0,0.0
2023-07-16 23:00:00,588.0,212.0,22.0,0.0,35.0,0.0,0.0,0.0,0.0
2023-07-17 00:00:00,267.0,33.0,5.0,0.0,7.0,0.0,0.0,0.0,0.0
2023-07-17 01:00:00,101.0,2.0,6.0,0.0,2.0,0.0,0.0,0.0,0.0
2023-07-17 02:00:00,87.0,1.0,3.0,0.0,0.0,0.0,0.0,0.0,0.0
2023-07-17 03:00:00,108.0,2.0,6.0,0.0,4.0,0.0,0.0,0.0,0.0
2023-07-17 04:00:00,77.0,0.0,3.0,0.0,0.0,0.0,0.0,0.0,0.0
2023-07-17 05:00:00,92.0,1.0,4.0,0.0,4.0,0.0,0.0,0.0,0.0
2023-07-17 06:00:00,156.0,4.0,13.0,1.0,19.0,0.0,0.0,0.0,0.0
2023-07-17 07:00:00,455.0,0.0,82.0,105.0,66.0,0.0,0.0,0.0,0.0
2023-07-17 08:00:00,590.0,17.0,117.0,214.0,458.0,0.0,0.0,0.0,0.0
2023-07-17 09:00:00,1148.0,21.0,151.0,967.0,1056.0,0.0,0.0,0.0,0.0
2023-07-17 10:00:00,1390.0,31.0,166.0,1888.0,2259.0,0.0,0.0,0.0,0.0
2023-07-17 11:00:00,2582.0,36.0,160.0,2076.0,1848.0,0.0,0.0,0.0,0.0
2023-07-17 12:00:00,2091.0,92.0,76.0,2153.0,1490.0,0.0,0.0,0.0,0.0
2023-07-17 13:00:00,2068.0,79.0,157.0,1161.0,1264.0,0.0,0.0,0.0,0.0
2023-07-17 14:00:00,2268.0,141.0,148.0,1492.0,716.0,0.0,0.0,0.0,0.0
2023-07-17 15:00:00,2208.0,94.0,140.0,1220.0,787.0,0.0,0.0,0.0,0.0
2023-07-17 16:00:00,1867.0,137.0,122.0,1089.0,847.0,0.0,0.0,0.0,0.0
2023-07-17 17:00:00,2055.0,102.0,94.0,682.0,571.0,0.0,0.0,0.0,0.0
2023-07-17 18:00:00,1599.0,83.0,98.0,78.0,206.0,0.0,0.0,0.0,0.0
2023-07-17 19:00:00,1163.0,82.0,50.0,0.0,143.0,0.0,0.0,0.0,0.0
2023-07-17 20:00:00,1041.0,104.0,28.0,0.0,171.0,0.0,0.0,0.0,0.0
2023-07-17 21:00:00,702.0,257.0,45.0,0.0,112.0,0.0,0.0,0.0,0.0
2023-07-17 22:00:00,407.0,217.0,60.0,0.0,131.0,0.0,0.0,0.0,0.0
2023-07-17 23:00:00,290.0,205.0,17.0,0.0,43.0,0.0,0.0,0.0,0.0
2023-07-18 00:00:00,209.0,111.0,8.0,0.0,20.0,0.0,0.0,0.0,0.0
2023-07-18 01:00:00,57.0,113.0,0.0,0.0,2.0,0.0,0.0,0.0,0.0
2023-07-18 02:00:00,90.0,11.0,0.0,0.0,1.0,0.0,0.0,0.0,0.0
2023-07-18 03:00:00,76.0,2.0,2.0,0.0,1.0,0.0,0.0,0.0,0.0
2023-07-18 04:00:00,84.0,4.0,6.0,0.0,0.0,0.0,0.0,0.0,0.0
2023-07-18 05:00:00,38.0,3.0,5.0,0.0,3.0,0.0,0.0,0.0,0.0
2023-07-18 06:00:00,148.0,15.0,34.0,29.0,11.0,0.0,0.0,0.0,0.0
2023-07-18 07:00:00,312.0,0.0,101.0,95.0,61.0,0.0,0.0,0.0,0.0
2023-07-18 08:00:00,820.0,33.0,126.0,167.0,496.0,0.0,0.0,0.0,0.0
2023-07-18 09:00:00,954.0,88.0,101.0,451.0,2048.0,0.0,0.0,0.0,0.0
2023-07-18 10:00:00,1824.0,169.0,82.0,1293.0,2211.0,0.0,0.0,0.0,0.0
2023-07-18 11:00:00,2458.0,54.0,117.0,1754.0,1834.0,0.0,0.0,0.0,0.0
2023-07-18 12:00:00,2225.0,107.0,133.0,1791.0,1179.0,0.0,0.0,0.0,0.0
2023-07-18 13:00:00,2968.0,162.0,115.0,1395.0,1367.0,0.0,0.0,0.0,0.0
2023-07-18 14:00:00,2345.0,188.0,116.0,1455.0,1429.0,0.0,0.0,0.0,0.0
2023-07-18 15:00:00,2594.0,233.0,143.0,1612.0,944.0,0.0,0.0,0.0,0.0
2023-07-18 16:00:00,2197.0,371.0,127.0,1167.0,1116.0,0.0,0.0,0.0,0.0
2023-07-18 17:00:00,1894.0,343.0,107.0,753.0,485.0,0.0,0.0,0.0,0.0
2023-07-18 18:00:00,1533.0,203.0,67.0,518.0,280.0,0.0,0.0,0.0,0.0
2023-07-18 19:00:00,1237.0,286.0,47.0,585.0,236.0,0.0,0.0,0.0,0.0
2023-07-18 20:00:00,932.0,281.0,47.0,256.0,170.0,0.0,0.0,0.0,0.0
2023-07-18 21:00:00,655.0,314.0,29.0,0.0,239.0,0.0,0.0,0.0,0.0
2023-07-18 22:00:00,553.0,147.0,27.0,0.0,151.0,0.0,0.0,0.0,0.0
2023-07-18 23:00:00,223.0,72.0,21.0,0.0,183.0,0.0,0.0,0.0,0.0
2023-07-19 00:00:00,142.0,59.0,12.0,0.0,336.0,0.0,0.0,0.0,0.0
2023-07-19 01:00:00,70.0,53.0,8.0,0.0,182.0,0.0,0.0,0.0,0.0
2023-07-19 02:00:00,82.0,5.0,16.0,0.0,1.0,0.0,0.0,0.0,0.0
2023-07-19 03:00:00,39.0,2.0,2.0,0.0,3.0,0.0,0.0,0.0,0.0
2023-07-19 04:00:00,47.0,4.0,3.0,0.0,1.0,0.0,0.0,0.0,0.0
2023-07-19 05:00:00,72.0,3.0,17.0,0.0,0.0,0.0,0.0,0.0,0.0
2023-07-19 06:00:00,119.0,6.0,24.0,30.0,4.0,0.0,0.0,0.0,0.0
2023-07-19 07:00:00,397.0,0.0,73.0,129.0,46.0,0.0,0.0,0.0,0.0
2023-07-19 08:00:00,935.0,35.0,129.0,147.0,131.0,0.0,0.0,0.0,0.0
2023-07-19 09:00:00,1451.0,80.0,169.0,663.0,599.0,0.0,0.0,0.0,0.0
2023-07-19 10:00:00,1724.0,128.0,183.0,1096.0,2354.0,0.0,0.0,0.0,0.0
2023-07-19 11:00:00,2397.0,172.0,166.0,1791.0,1089.0,0.0,0.0,0.0,0.0
2023-07-19 12:00:00,3448.0,153.0,238.0,1978.0,1211.0,0.0,0.0,0.0,0.0
2023-07-19 13:00:00,2585.0,124.0,254.0,1197.0,1025.0,0.0,0.0,0.0,0.0
2023-07-19 14:00:00,2759.0,133.0,246.0,1996.0,1373.0,0.0,0.0,0.0,0.0
2023-07-19 15:00:00,2355.0,212.0,233.0,1366.0,938.0,0.0,0.0,0.0,0.0
2023-07-19 16:00:00,2423.0,292.0,159.0,798.0,335.0,0.0,0.0,0.0,0.0
2023-07-19 17:00:00,2003.0,134.0,183.0,528.0,949.0,0.0,0.0,0.0,0.0
2023-07-19 18:00:00,1343.0,67.0,128.0,361.0,187.0,0.0,0.0,0.0,0.0
2023-07-19 19:00:00,938.0,240.0,133.0,10.0,97.0,0.0,0.0,0.0,0.0
2023-07-19 20:00:00,692.0,286.0,68.0,0.0,730.0,0.0,0.0,0.0,0.0
2023-07-19 21:00:00,503.0,477.0,35.0,0.0,303.0,0.0,0.0,0.0,0.0
2023-07-19 22:00:00,399.0,86.0,54.0,0.0,134.0,0.0,0.0,0.0,0.0
2023-07-19 23:00:00,276.0,42.0,45.0,0.0,88.0,0.0,0.0,0.0,0.0
2023-07-20 00:00:00,113.0,9.0,7.0,0.0,6.0,0.0,0.0,0.0,0.0
2023-07-20 01:00:00,76.0,9.0,9.0,0.0,2.0,0.0,0.0,0.0,0.0
2023-07-20 02:00:00,47.0,9.0,0.0,0.0,24.0,0.0,0.0,0.0,0.0
2023-07-20 03:00:00,41.0,2.0,1.0,0.0,0.0,0.0,0.0,0.0,0.0
2023-07-20 04:00:00,32.0,0.0,4.0,0.0,0.0,0.0,0.0,0.0,0.0
2023-07-20 05:00:00,0.0,0.0,0.0,0.0,0.0,0.0,0.0,0.0,0.0
2023-07-20 06:00:00,175.0,11.0,26.0,5.0,22.0,0.0,0.0,0.0,0.0
2023-07-20 07:00:00,344.0,0.0,100.0,157.0,38.0,0.0,0.0,0.0,0.0
2023-07-20 08:00:00,583.0,7.0,192.0,153.0,62.0,0.0,0.0,0.0,0.0
2023-07-20 09:00:00,1230.0,7.0,201.0,968.0,525.0,0.0,0.0,0.0,0.0
2023-07-20 10:00:00,1999.0,21.0,181.0,1456.0,2068.0,0.0,0.0,0.0,0.0
2023-07-20 11:00:00,2724.0,78.0,144.0,1720.0,1339.0,0.0,0.0,0.0,0.0
2023-07-20 12:00:00,2919.0,142.0,220.0,1774.0,1192.0,0.0,0.0,0.0,0.0
2023-07-20 13:00:00,2647.0,112.0,193.0,1383.0,823.0,0.0,0.0,0.0,0.0
2023-07-20 14:00:00,2280.0,108.0,213.0,2154.0,1679.0,0.0,0.0,0.0,0.0
2023-07-20 15:00:00,2150.0,19.0,141.0,2253.0,1064.0,0.0,0.0,0.0,0.0
2023-07-20 16:00:00,2260.0,32.0,157.0,1604.0,690.0,0.0,0.0,0.0,0.0
2023-07-20 17:00:00,2040.0,17.0,97.0,1250.0,1029.0,0.0,0.0,0.0,0.0
2023-07-20 18:00:00,1261.0,32.0,47.0,637.0,254.0,0.0,0.0,0.0,0.0
2023-07-20 19:00:00,980.0,44.0,40.0,371.0,138.0,0.0,0.0,0.0,0.0
2023-07-20 20:00:00,601.0,28.0,63.0,0.0,410.0,0.0,0.0,0.0,0.0
2023-07-20 21:00:00,661.0,45.0,55.0,0.0,400.0,0.0,0.0,0.0,0.0
2023-07-20 22:00:00,468.0,102.0,56.0,0.0,147.0,0.0,0.0,0.0,0.0
2023-07-20 23:00:00,499.0,84.0,34.0,0.0,99.0,0.0,0.0,0.0,0.0
2023-07-21 00:00:00,351.0,151.0,14.0,0.0,18.0,0.0,0.0,0.0,0.0
2023-07-21 01:00:00,120.0,57.0,1.0,0.0,2.0,0.0,0.0,0.0,0.0
2023-07-21 02:00:00,117.0,15.0,8.0,0.0,48.0,0.0,0.0,0.0,0.0
2023-07-21 03:00:00,68.0,5.0,13.0,0.0,0.0,0.0,0.0,0.0,0.0
2023-07-21 04:00:00,47.0,4.0,1.0,0.0,0.0,0.0,0.0,0.0,0.0
2023-07-21 05:00:00,59.0,2.0,5.0,0.0,2.0,0.0,0.0,0.0,0.0
2023-07-21 06:00:00,137.0,2.0,10.0,3.0,15.0,0.0,0.0,0.0,0.0
2023-07-21 07:00:00,354.0,0.0,72.0,110.0,65.0,0.0,0.0,0.0,0.0
2023-07-21 08:00:00,872.0,10.0,115.0,191.0,121.0,0.0,0.0,0.0,0.0
2023-07-21 09:00:00,1601.0,18.0,143.0,2284.0,373.0,0.0,0.0,0.0,0.0
2023-07-21 10:00:00,2088.0,18.0,153.0,1701.0,1858.0,0.0,0.0,0.0,0.0
2023-07-21 11:00:00,2358.0,39.0,131.0,2571.0,1101.0,0.0,0.0,0.0,0.0
2023-07-21 12:00:00,2298.0,49.0,163.0,1886.0,1542.0,0.0,0.0,0.0,0.0
2023-07-21 13:00:00,2117.0,60.0,170.0,1845.0,1679.0,0.0,0.0,0.0,0.0
2023-07-21 14:00:00,1895.0,59.0,123.0,2396.0,2522.0,0.0,0.0,0.0,0.0
2023-07-21 15:00:00,2381.0,29.0,204.0,1757.0,1493.0,0.0,0.0,0.0,0.0
2023-07-21 16:00:00,2177.0,45.0,183.0,1240.0,807.0,0.0,0.0,0.0,0.0
2023-07-21 17:00:00,1887.0,20.0,92.0,650.0,814.0,0.0,0.0,0.0,0.0
2023-07-21 18:00:00,1135.0,25.0,56.0,101.0,147.0,0.0,0.0,0.0,0.0
2023-07-21 19:00:00,845.0,43.0,65.0,0.0,329.0,0.0,0.0,0.0,0.0
2023-07-21 20:00:00,636.0,193.0,75.0,0.0,590.0,0.0,0.0,0.0,0.0
2023-07-21 21:00:00,787.0,470.0,40.0,0.0,280.0,0.0,0.0,0.0,0.0
2023-07-21 22:00:00,585.0,885.0,67.0,0.0,57.0,0.0,0.0,0.0,0.0
2023-07-21 23:00:00,516.0,821.0,31.0,0.0,26.0,0.0,0.0,0.0,0.0
2023-07-22 00:00:00,402.0,432.0,12.0,0.0,26.0,0.0,0.0,0.0,0.0
2023-07-22 01:00:00,331.0,158.0,7.0,0.0,10.0,0.0,0.0,0.0,0.0
2023-07-22 02:00:00,215.0,34.0,4.0,0.0,28.0,0.0,0.0,0.0,0.0
2023-07-22 03:00:00,214.0,8.0,1.0,0.0,3.0,0.0,0.0,0.0,0.0
2023-07-22 04:00:00,155.0,4.0,1.0,0.0,0.0,0.0,0.0,0.0,0.0
2023-07-22 05:00:00,81.0,9.0,3.0,0.0,7.0,0.0,0.0,0.0,0.0
2023-07-22 06:00:00,86.0,7.0,12.0,0.0,14.0,0.0,0.0,0.0,0.0
2023-07-22 07:00:00,213.0,0.0,33.0,13.0,3.0,0.0,0.0,0.0,0.0
2023-07-22 08:00:00,471.0,6.0,98.0,147.0,47.0,0.0,0.0,0.0,0.0
2023-07-22 09:00:00,1406.0,5.0,93.0,1075.0,694.0,0.0,0.0,0.0,0.0
2023-07-22 10:00:00,2006.0,83.0,166.0,2652.0,2719.0,0.0,0.0,0.0,0.0
2023-07-22 11:00:00,2047.0,93.0,119.0,2523.0,1975.0,0.0,0.0,0.0,0.0
2023-07-22 12:00:00,2209.0,81.0,151.0,2815.0,1572.0,0.0,0.0,0.0,0.0
2023-07-22 13:00:00,2213.0,190.0,96.0,3535.0,3073.0,0.0,0.0,0.0,0.0
2023-07-22 14:00:00,2251.0,113.0,97.0,3221.0,2210.0,0.0,0.0,0.0,0.0
2023-07-22 15:00:00,2212.0,124.0,99.0,2776.0,883.0,0.0,0.0,0.0,0.0
2023-07-22 16:00:00,2069.0,223.0,88.0,2130.0,630.0,0.0,0.0,0.0,0.0
2023-07-22 17:00:00,1449.0,193.0,57.0,1481.0,264.0,0.0,0.0,0.0,0.0
2023-07-22 18:00:00,1372.0,65.0,74.0,408.0,168.0,0.0,0.0,0.0,0.0
2023-07-22 19:00:00,1236.0,146.0,41.0,0.0,389.0,0.0,0.0,0.0,0.0
2023-07-22 20:00:00,859.0,90.0,46.0,0.0,1353.0,0.0,0.0,0.0,0.0
2023-07-22 21:00:00,882.0,98.0,47.0,0.0,281.0,0.0,0.0,0.0,0.0
2023-07-22 22:00:00,843.0,129.0,42.0,0.0,69.0,0.0,0.0,0.0,0.0
2023-07-22 23:00:00,809.0,600.0,40.0,0.0,78.0,0.0,0.0,0.0,0.0
2023-07-23 00:00:00,606.0,286.0,19.0,0.0,16.0,0.0,0.0,0.0,0.0
2023-07-23 01:00:00,472.0,49.0,18.0,0.0,3.0,0.0,0.0,0.0,0.0
2023-07-23 02:00:00,438.0,6.0,12.0,0.0,3.0,0.0,0.0,0.0,0.0
2023-07-23 03:00:00,279.0,24.0,9.0,0.0,0.0,0.0,0.0,0.0,0.0
2023-07-23 04:00:00,322.0,10.0,1.0,0.0,0.0,0.0,0.0,0.0,0.0
2023-07-23 05:00:00,143.0,17.0,11.0,0.0,6.0,0.0,0.0,0.0,0.0
2023-07-23 06:00:00,103.0,20.0,6.0,0.0,15.0,0.0,0.0,0.0,0.0
2023-07-23 07:00:00,91.0,0.0,10.0,5.0,4.0,0.0,0.0,0.0,0.0
2023-07-23 08:00:00,274.0,34.0,38.0,47.0,38.0,0.0,0.0,0.0,0.0
2023-07-23 09:00:00,767.0,58.0,55.0,183.0,675.0,0.0,0.0,0.0,0.0
2023-07-23 10:00:00,1363.0,85.0,51.0,1398.0,2196.0,0.0,0.0,0.0,0.0
2023-07-23 11:00:00,1789.0,61.0,101.0,1228.0,1771.0,0.0,0.0,0.0,0.0
2023-07-23 12:00:00,1738.0,26.0,38.0,2487.0,1338.0,0.0,0.0,0.0,0.0
2023-07-23 13:00:00,1767.0,15.0,55.0,2782.0,1097.0,0.0,0.0,0.0,0.0
2023-07-23 14:00:00,2121.0,44.0,56.0,2792.0,697.0,0.0,0.0,0.0,0.0
2023-07-23 15:00:00,2034.0,36.0,72.0,2082.0,491.0,0.0,0.0,0.0,0.0
2023-07-23 16:00:00,2192.0,39.0,38.0,1433.0,180.0,0.0,0.0,0.0,0.0
2023-07-23 17:00:00,1263.0,110.0,55.0,996.0,211.0,0.0,0.0,0.0,0.0
2023-07-23 18:00:00,952.0,32.0,34.0,130.0,146.0,0.0,0.0,0.0,0.0
2023-07-23 19:00:00,836.0,67.0,27.0,0.0,145.0,0.0,0.0,0.0,0.0
2023-07-23 20:00:00,684.0,50.0,27.0,0.0,128.0,0.0,0.0,0.0,0.0
2023-07-23 21:00:00,404.0,113.0,34.0,0.0,118.0,0.0,0.0,0.0,0.0
2023-07-23 22:00:00,301.0,15.0,17.0,0.0,35.0,0.0,0.0,0.0,0.0
2023-07-23 23:00:00,274.0,38.0,38.0,0.0,13.0,0.0,0.0,0.0,0.0
2023-07-24 00:00:00,179.0,16.0,4.0,0.0,5.0,0.0,0.0,0.0,0.0
2023-07-24 01:00:00,103.0,18.0,1.0,0.0,2.0,0.0,0.0,0.0,0.0
2023-07-24 02:00:00,99.0,20.0,3.0,0.0,0.0,0.0,0.0,0.0,0.0
2023-07-24 03:00:00,78.0,5.0,2.0,0.0,1.0,0.0,0.0,0.0,0.0
2023-07-24 04:00:00,57.0,1.0,1.0,0.0,0.0,0.0,0.0,0.0,0.0
2023-07-24 05:00:00,80.0,3.0,7.0,0.0,3.0,0.0,0.0,0.0,0.0
2023-07-24 06:00:00,100.0,4.0,29.0,8.0,11.0,0.0,0.0,0.0,0.0
2023-07-24 07:00:00,333.0,0.0,86.0,108.0,51.0,0.0,0.0,0.0,0.0
2023-07-24 08:00:00,850.0,10.0,125.0,253.0,114.0,0.0,0.0,0.0,0.0
2023-07-24 09:00:00,1758.0,35.0,168.0,687.0,804.0,0.0,0.0,0.0,0.0
2023-07-24 10:00:00,2222.0,48.0,137.0,2282.0,1605.0,0.0,0.0,0.0,0.0
2023-07-24 11:00:00,2459.0,36.0,59.0,1484.0,1767.0,0.0,0.0,0.0,0.0
2023-07-24 12:00:00,2395.0,39.0,121.0,1748.0,1102.0,0.0,0.0,0.0,0.0
2023-07-24 13:00:00,2691.0,138.0,185.0,2110.0,1432.0,0.0,0.0,0.0,0.0
2023-07-24 14:00:00,2117.0,229.0,134.0,2351.0,1559.0,0.0,0.0,0.0,0.0
2023-07-24 15:00:00,2455.0,127.0,171.0,1763.0,1391.0,0.0,0.0,0.0,0.0
2023-07-24 16:00:00,2382.0,116.0,158.0,1305.0,851.0,0.0,0.0,0.0,0.0
2023-07-24 17:00:00,2242.0,46.0,79.0,775.0,673.0,0.0,0.0,0.0,0.0
2023-07-24 18:00:00,1454.0,29.0,90.0,120.0,263.0,0.0,0.0,0.0,0.0
2023-07-24 19:00:00,916.0,97.0,61.0,0.0,168.0,0.0,0.0,0.0,0.0
2023-07-24 20:00:00,789.0,46.0,72.0,0.0,202.0,0.0,0.0,0.0,0.0
2023-07-24 21:00:00,550.0,99.0,85.0,0.0,126.0,0.0,0.0,0.0,0.0
2023-07-24 22:00:00,386.0,97.0,35.0,0.0,53.0,0.0,0.0,0.0,0.0
2023-07-24 23:00:00,262.0,197.0,11.0,0.0,15.0,0.0,0.0,0.0,0.0
2023-07-25 00:00:00,218.0,120.0,7.0,0.0,3.0,0.0,0.0,0.0,0.0
2023-07-25 01:00:00,157.0,83.0,1.0,0.0,0.0,0.0,0.0,0.0,0.0
2023-07-25 02:00:00,281.0,44.0,3.0,0.0,2.0,0.0,0.0,0.0,0.0
2023-07-25 03:00:00,60.0,1.0,1.0,0.0,0.0,0.0,0.0,0.0,0.0
2023-07-25 04:00:00,40.0,0.0,1.0,0.0,0.0,0.0,0.0,0.0,0.0
2023-07-25 05:00:00,74.0,3.0,6.0,0.0,3.0,0.0,0.0,0.0,0.0
2023-07-25 06:00:00,143.0,3.0,17.0,7.0,5.0,0.0,0.0,0.0,0.0
2023-07-25 07:00:00,378.0,1.0,98.0,139.0,48.0,0.0,0.0,0.0,0.0
2023-07-25 08:00:00,952.0,31.0,114.0,108.0,679.0,0.0,0.0,0.0,0.0
2023-07-25 09:00:00,1475.0,65.0,143.0,786.0,661.0,0.0,0.0,0.0,0.0
2023-07-25 10:00:00,2452.0,38.0,112.0,1569.0,1450.0,0.0,0.0,0.0,0.0
2023-07-25 11:00:00,1977.0,70.0,95.0,2049.0,1508.0,0.0,0.0,0.0,0.0
2023-07-25 12:00:00,2498.0,123.0,83.0,2150.0,1032.0,0.0,0.0,0.0,0.0
2023-07-25 13:00:00,2084.0,209.0,103.0,2117.0,1381.0,0.0,0.0,0.0,0.0
2023-07-25 14:00:00,1651.0,137.0,122.0,1895.0,1116.0,0.0,0.0,0.0,0.0
2023-07-25 15:00:00,1729.0,160.0,72.0,1256.0,936.0,0.0,0.0,0.0,0.0
2023-07-25 16:00:00,1561.0,108.0,229.0,1263.0,666.0,0.0,0.0,0.0,0.0
2023-07-25 17:00:00,1295.0,30.0,122.0,767.0,513.0,0.0,0.0,0.0,0.0
2023-07-25 18:00:00,1137.0,43.0,85.0,486.0,193.0,0.0,0.0,0.0,0.0
2023-07-25 19:00:00,872.0,141.0,78.0,165.0,136.0,0.0,0.0,0.0,0.0
2023-07-25 20:00:00,477.0,65.0,49.0,51.0,126.0,0.0,0.0,0.0,0.0
2023-07-25 21:00:00,537.0,48.0,66.0,0.0,123.0,0.0,0.0,0.0,0.0
2023-07-25 22:00:00,350.0,38.0,54.0,0.0,102.0,0.0,0.0,0.0,0.0
2023-07-25 23:00:00,212.0,68.0,18.0,0.0,46.0,0.0,0.0,0.0,0.0
2023-07-26 00:00:00,114.0,43.0,5.0,0.0,29.0,0.0,0.0,0.0,0.0
2023-07-26 01:00:00,64.0,9.0,4.0,0.0,44.0,0.0,0.0,0.0,0.0
2023-07-26 02:00:00,80.0,6.0,1.0,0.0,1.0,0.0,0.0,0.0,0.0
2023-07-26 03:00:00,34.0,0.0,0.0,0.0,0.0,0.0,0.0,0.0,0.0
2023-07-26 04:00:00,20.0,1.0,2.0,0.0,4.0,0.0,0.0,0.0,0.0
2023-07-26 05:00:00,28.0,0.0,1.0,0.0,1.0,0.0,0.0,0.0,0.0
2023-07-26 06:00:00,119.0,2.0,22.0,3.0,9.0,0.0,0.0,0.0,0.0
2023-07-26 07:00:00,278.0,1.0,90.0,82.0,51.0,0.0,0.0,0.0,0.0
2023-07-26 08:00:00,639.0,0.0,129.0,125.0,75.0,0.0,0.0,0.0,0.0
2023-07-26 09:00:00,1632.0,7.0,176.0,616.0,556.0,0.0,0.0,0.0,0.0
2023-07-26 10:00:00,1668.0,11.0,153.0,2637.0,2481.0,0.0,0.0,0.0,0.0
2023-07-26 11:00:00,1802.0,11.0,127.0,2255.0,1307.0,0.0,0.0,0.0,0.0
2023-07-26 12:00:00,1600.0,11.0,123.0,1562.0,1127.0,0.0,0.0,0.0,0.0
2023-07-26 13:00:00,2098.0,22.0,142.0,1923.0,1391.0,0.0,0.0,0.0,0.0
2023-07-26 14:00:00,2116.0,21.0,77.0,1915.0,539.0,0.0,0.0,0.0,0.0
2023-07-26 15:00:00,2052.0,10.0,152.0,1482.0,714.0,0.0,0.0,0.0,0.0
2023-07-26 16:00:00,2380.0,14.0,147.0,1195.0,1085.0,0.0,0.0,0.0,0.0
2023-07-26 17:00:00,1672.0,11.0,100.0,895.0,820.0,0.0,0.0,0.0,0.0
2023-07-26 18:00:00,1112.0,21.0,116.0,0.0,145.0,0.0,0.0,0.0,0.0
2023-07-26 19:00:00,864.0,10.0,122.0,0.0,295.0,0.0,0.0,0.0,0.0
2023-07-26 20:00:00,665.0,14.0,117.0,0.0,884.0,0.0,0.0,0.0,0.0
2023-07-26 21:00:00,577.0,52.0,49.0,0.0,369.0,0.0,0.0,0.0,0.0
2023-07-26 22:00:00,426.0,42.0,37.0,0.0,53.0,0.0,0.0,0.0,0.0
2023-07-26 23:00:00,330.0,67.0,14.0,0.0,10.0,0.0,0.0,0.0,0.0
2023-07-27 00:00:00,174.0,38.0,13.0,0.0,9.0,0.0,0.0,0.0,0.0
2023-07-27 01:00:00,75.0,11.0,5.0,0.0,3.0,0.0,0.0,0.0,0.0
2023-07-27 02:00:00,110.0,3.0,2.0,0.0,2.0,0.0,0.0,0.0,0.0
2023-07-27 03:00:00,80.0,1.0,1.0,0.0,0.0,0.0,0.0,0.0,0.0
2023-07-27 04:00:00,56.0,0.0,1.0,0.0,0.0,0.0,0.0,0.0,0.0
2023-07-27 05:00:00,55.0,2.0,1.0,0.0,0.0,0.0,0.0,0.0,0.0
2023-07-27 06:00:00,116.0,2.0,26.0,20.0,1.0,0.0,0.0,0.0,0.0
2023-07-27 07:00:00,334.0,0.0,85.0,91.0,43.0,0.0,0.0,0.0,0.0
2023-07-27 08:00:00,750.0,36.0,138.0,186.0,316.0,0.0,0.0,0.0,0.0
2023-07-27 09:00:00,1200.0,30.0,195.0,730.0,599.0,0.0,0.0,0.0,0.0
2023-07-27 10:00:00,1697.0,46.0,125.0,1786.0,1312.0,0.0,0.0,0.0,0.0
2023-07-27 11:00:00,2204.0,77.0,138.0,2325.0,1120.0,0.0,0.0,0.0,0.0
2023-07-27 12:00:00,2300.0,88.0,144.0,1939.0,704.0,0.0,0.0,0.0,0.0
2023-07-27 13:00:00,1879.0,54.0,132.0,1241.0,1209.0,0.0,0.0,0.0,0.0
2023-07-27 14:00:00,1578.0,63.0,114.0,964.0,1080.0,0.0,0.0,0.0,0.0
2023-07-27 15:00:00,1402.0,43.0,247.0,1357.0,961.0,0.0,0.0,0.0,0.0
2023-07-27 16:00:00,1527.0,125.0,211.0,1149.0,515.0,0.0,0.0,0.0,0.0
2023-07-27 17:00:00,1457.0,41.0,141.0,707.0,668.0,0.0,0.0,0.0,0.0
2023-07-27 18:00:00,972.0,121.0,99.0,318.0,152.0,0.0,0.0,0.0,0.0
2023-07-27 19:00:00,574.0,212.0,45.0,174.0,101.0,0.0,0.0,0.0,0.0
2023-07-27 20:00:00,549.0,230.0,48.0,0.0,542.0,0.0,0.0,0.0,0.0
2023-07-27 21:00:00,316.0,95.0,42.0,0.0,327.0,0.0,0.0,0.0,0.0
2023-07-27 22:00:00,275.0,47.0,53.0,0.0,36.0,0.0,0.0,0.0,0.0
2023-07-27 23:00:00,298.0,44.0,16.0,0.0,66.0,0.0,0.0,0.0,0.0
2023-07-28 00:00:00,167.0,73.0,2.0,0.0,4.0,0.0,0.0,0.0,0.0
2023-07-28 01:00:00,125.0,8.0,2.0,0.0,4.0,0.0,0.0,0.0,0.0
2023-07-28 02:00:00,112.0,1.0,3.0,0.0,4.0,0.0,0.0,0.0,0.0
2023-07-28 03:00:00,59.0,0.0,2.0,0.0,0.0,0.0,0.0,0.0,0.0
2023-07-28 04:00:00,80.0,2.0,4.0,0.0,1.0,0.0,0.0,0.0,0.0
2023-07-28 05:00:00,65.0,0.0,7.0,0.0,7.0,0.0,0.0,0.0,0.0
2023-07-28 06:00:00,163.0,0.0,12.0,6.0,4.0,0.0,0.0,0.0,0.0
2023-07-28 07:00:00,391.0,0.0,51.0,154.0,43.0,0.0,0.0,0.0,0.0
2023-07-28 08:00:00,462.0,5.0,80.0,361.0,149.0,0.0,0.0,0.0,0.0
2023-07-28 09:00:00,1235.0,12.0,118.0,622.0,316.0,0.0,0.0,0.0,0.0
2023-07-28 10:00:00,1812.0,18.0,93.0,946.0,1368.0,0.0,0.0,0.0,0.0
2023-07-28 11:00:00,1785.0,90.0,124.0,1751.0,1268.0,0.0,0.0,0.0,0.0
2023-07-28 12:00:00,2013.0,48.0,82.0,2197.0,1625.0,0.0,0.0,0.0,0.0
2023-07-28 13:00:00,2153.0,72.0,81.0,1747.0,1773.0,0.0,0.0,0.0,0.0
2023-07-28 14:00:00,1989.0,91.0,116.0,1960.0,1516.0,0.0,0.0,0.0,0.0
2023-07-28 15:00:00,2473.0,137.0,91.0,1706.0,1061.0,0.0,0.0,0.0,0.0
2023-07-28 16:00:00,2302.0,109.0,65.0,1394.0,928.0,0.0,0.0,0.0,0.0
2023-07-28 17:00:00,1976.0,86.0,45.0,973.0,761.0,0.0,0.0,0.0,0.0
2023-07-28 18:00:00,1271.0,41.0,85.0,564.0,296.0,0.0,0.0,0.0,0.0
2023-07-28 19:00:00,727.0,155.0,72.0,0.0,227.0,0.0,0.0,0.0,0.0
2023-07-28 20:00:00,827.0,171.0,89.0,0.0,387.0,0.0,0.0,0.0,0.0
2023-07-28 21:00:00,644.0,232.0,64.0,0.0,304.0,0.0,0.0,0.0,0.0
2023-07-28 22:00:00,599.0,519.0,68.0,0.0,33.0,0.0,0.0,0.0,0.0
2023-07-28 23:00:00,519.0,495.0,34.0,0.0,35.0,0.0,0.0,0.0,0.0
2023-07-29 00:00:00,483.0,296.0,19.0,0.0,26.0,0.0,0.0,0.0,0.0
2023-07-29 01:00:00,352.0,100.0,12.0,0.0,19.0,0.0,0.0,0.0,0.0
2023-07-29 02:00:00,187.0,44.0,2.0,0.0,2.0,0.0,0.0,0.0,0.0
2023-07-29 03:00:00,263.0,3.0,2.0,0.0,3.0,0.0,0.0,0.0,0.0
2023-07-29 04:00:00,101.0,1.0,4.0,0.0,2.0,0.0,0.0,0.0,0.0
2023-07-29 05:00:00,54.0,2.0,3.0,0.0,9.0,0.0,0.0,0.0,0.0
2023-07-29 06:00:00,88.0,5.0,6.0,0.0,4.0,0.0,0.0,0.0,0.0
2023-07-29 07:00:00,178.0,0.0,22.0,21.0,6.0,0.0,0.0,0.0,0.0
2023-07-29 08:00:00,359.0,5.0,57.0,117.0,26.0,0.0,0.0,0.0,0.0
2023-07-29 09:00:00,956.0,15.0,183.0,327.0,539.0,0.0,0.0,0.0,0.0
2023-07-29 10:00:00,1417.0,15.0,126.0,1953.0,2848.0,0.0,0.0,0.0,0.0
2023-07-29 11:00:00,2360.0,42.0,50.0,1860.0,1933.0,0.0,0.0,0.0,0.0
2023-07-29 12:00:00,2079.0,26.0,48.0,2497.0,1838.0,0.0,0.0,0.0,0.0
2023-07-29 13:00:00,2077.0,135.0,56.0,3389.0,2335.0,0.0,0.0,0.0,0.0
2023-07-29 14:00:00,2450.0,159.0,36.0,3097.0,2024.0,0.0,0.0,0.0,0.0
2023-07-29 15:00:00,2259.0,62.0,38.0,2632.0,673.0,0.0,0.0,0.0,0.0
2023-07-29 16:00:00,2084.0,87.0,48.0,1891.0,354.0,0.0,0.0,0.0,0.0
2023-07-29 17:00:00,2109.0,36.0,48.0,1179.0,323.0,0.0,0.0,0.0,0.0
2023-07-29 18:00:00,1746.0,125.0,41.0,167.0,368.0,0.0,0.0,0.0,0.0
2023-07-29 19:00:00,1344.0,1140.0,82.0,0.0,920.0,0.0,0.0,0.0,0.0
2023-07-29 20:00:00,1701.0,1786.0,56.0,0.0,1832.0,0.0,0.0,0.0,0.0
2023-07-29 21:00:00,972.0,1845.0,63.0,0.0,1042.0,0.0,0.0,0.0,0.0
2023-07-29 22:00:00,764.0,1402.0,43.0,0.0,134.0,0.0,0.0,0.0,0.0
2023-07-29 23:00:00,754.0,726.0,33.0,0.0,123.0,0.0,0.0,0.0,0.0
2023-07-30 00:00:00,802.0,80.0,11.0,0.0,49.0,0.0,0.0,0.0,0.0
2023-07-30 01:00:00,433.0,161.0,11.0,0.0,21.0,0.0,0.0,0.0,0.0
2023-07-30 02:00:00,289.0,70.0,6.0,0.0,5.0,0.0,0.0,0.0,0.0
2023-07-30 03:00:00,253.0,35.0,2.0,0.0,5.0,0.0,0.0,0.0,0.0
2023-07-30 04:00:00,167.0,20.0,4.0,0.0,3.0,0.0,0.0,0.0,0.0
2023-07-30 05:00:00,90.0,0.0,2.0,0.0,13.0,0.0,0.0,0.0,0.0
2023-07-30 06:00:00,21.0,5.0,9.0,0.0,7.0,0.0,0.0,0.0,0.0
2023-07-30 07:00:00,66.0,0.0,11.0,33.0,8.0,0.0,0.0,0.0,0.0
2023-07-30 08:00:00,181.0,8.0,47.0,37.0,176.0,0.0,0.0,0.0,0.0
2023-07-30 09:00:00,712.0,27.0,126.0,431.0,1127.0,0.0,0.0,0.0,0.0
2023-07-30 10:00:00,931.0,73.0,56.0,1497.0,2634.0,0.0,0.0,0.0,0.0
2023-07-30 11:00:00,1669.0,62.0,34.0,1704.0,2147.0,0.0,0.0,0.0,0.0
2023-07-30 12:00:00,1449.0,85.0,58.0,2475.0,1980.0,0.0,0.0,0.0,0.0
2023-07-30 13:00:00,1178.0,182.0,37.0,2879.0,2666.0,0.0,0.0,0.0,0.0
2023-07-30 14:00:00,1319.0,83.0,35.0,3075.0,647.0,0.0,0.0,0.0,0.0
2023-07-30 15:00:00,1331.0,198.0,48.0,2402.0,342.0,0.0,0.0,0.0,0.0
2023-07-30 16:00:00,1032.0,195.0,45.0,1645.0,470.0,0.0,0.0,0.0,0.0
2023-07-30 17:00:00,971.0,160.0,22.0,953.0,381.0,0.0,0.0,0.0,0.0
2023-07-30 18:00:00,1008.0,146.0,29.0,401.0,166.0,0.0,0.0,0.0,0.0
2023-07-30 19:00:00,760.0,116.0,19.0,0.0,307.0,0.0,0.0,0.0,0.0
2023-07-30 20:00:00,743.0,63.0,39.0,0.0,167.0,0.0,0.0,0.0,0.0
2023-07-30 21:00:00,421.0,128.0,18.0,0.0,110.0,0.0,0.0,0.0,0.0
2023-07-30 22:00:00,223.0,86.0,14.0,0.0,52.0,0.0,0.0,0.0,0.0
2023-07-30 23:00:00,196.0,79.0,4.0,0.0,26.0,0.0,0.0,0.0,0.0
2023-07-31 00:00:00,124.0,27.0,2.0,0.0,4.0,0.0,0.0,0.0,0.0
2023-07-31 01:00:00,90.0,1.0,2.0,0.0,9.0,0.0,0.0,0.0,0.0
2023-07-31 02:00:00,123.0,1.0,1.0,0.0,0.0,0.0,0.0,0.0,0.0
2023-07-31 03:00:00,35.0,0.0,0.0,0.0,0.0,0.0,0.0,0.0,0.0
2023-07-31 04:00:00,43.0,5.0,3.0,0.0,0.0,0.0,0.0,0.0,0.0
2023-07-31 05:00:00,41.0,2.0,0.0,0.0,0.0,0.0,0.0,0.0,0.0
2023-07-31 06:00:00,65.0,3.0,12.0,15.0,5.0,0.0,0.0,0.0,0.0
2023-07-31 07:00:00,137.0,0.0,42.0,51.0,34.0,0.0,0.0,0.0,0.0
2023-07-31 08:00:00,396.0,23.0,104.0,49.0,77.0,0.0,0.0,0.0,0.0
2023-07-31 09:00:00,1033.0,61.0,101.0,427.0,329.0,0.0,0.0,0.0,0.0
2023-07-31 10:00:00,1568.0,69.0,123.0,866.0,2466.0,0.0,0.0,0.0,0.0
2023-07-31 11:00:00,2030.0,63.0,104.0,1821.0,1310.0,0.0,0.0,0.0,0.0
2023-07-31 12:00:00,2272.0,164.0,105.0,2226.0,2002.0,0.0,0.0,0.0,0.0
2023-07-31 13:00:00,2472.0,136.0,152.0,2281.0,2590.0,0.0,0.0,0.0,0.0
2023-07-31 14:00:00,2426.0,92.0,97.0,1883.0,1170.0,0.0,0.0,0.0,0.0
2023-07-31 15:00:00,2049.0,200.0,115.0,1651.0,752.0,0.0,0.0,0.0,0.0
2023-07-31 16:00:00,2151.0,195.0,130.0,1102.0,850.0,0.0,0.0,0.0,0.0
2023-07-31 17:00:00,2110.0,91.0,72.0,974.0,849.0,0.0,0.0,0.0,0.0
2023-07-31 18:00:00,1565.0,59.0,50.0,183.0,207.0,0.0,0.0,0.0,0.0
2023-07-31 19:00:00,1430.0,81.0,56.0,0.0,126.0,0.0,0.0,0.0,0.0
2023-07-31 20:00:00,756.0,59.0,29.0,0.0,139.0,0.0,0.0,0.0,0.0
2023-07-31 21:00:00,393.0,58.0,34.0,0.0,166.0,0.0,0.0,0.0,0.0
2023-07-31 22:00:00,181.0,372.0,28.0,0.0,15.0,0.0,0.0,0.0,0.0
2023-07-31 23:00:00,223.0,653.0,33.0,0.0,15.0,0.0,0.0,0.0,0.0
2023-08-01 00:00:00,129.0,304.0,6.0,0.0,4.0,0.0,0.0,0.0,0.0
2023-08-01 01:00:00,103.0,379.0,3.0,0.0,4.0,0.0,0.0,0.0,0.0
2023-08-01 02:00:00,129.0,28.0,3.0,0.0,2.0,0.0,0.0,0.0,0.0
2023-08-01 03:00:00,46.0,12.0,0.0,0.0,0.0,0.0,0.0,0.0,0.0
2023-08-01 04:00:00,18.0,1.0,1.0,0.0,1.0,0.0,0.0,0.0,0.0
2023-08-01 05:00:00,43.0,7.0,3.0,0.0,0.0,0.0,0.0,0.0,0.0
2023-08-01 06:00:00,88.0,0.0,18.0,5.0,29.0,0.0,0.0,0.0,0.0
2023-08-01 07:00:00,207.0,0.0,54.0,41.0,54.0,0.0,0.0,0.0,0.0
2023-08-01 08:00:00,298.0,21.0,86.0,47.0,106.0,0.0,0.0,0.0,0.0
2023-08-01 09:00:00,486.0,15.0,130.0,408.0,95.0,0.0,0.0,0.0,0.0
2023-08-01 10:00:00,1064.0,7.0,147.0,715.0,972.0,0.0,0.0,0.0,0.0
2023-08-01 11:00:00,1454.0,33.0,99.0,1491.0,1074.0,0.0,0.0,0.0,0.0
2023-08-01 12:00:00,1667.0,82.0,82.0,1427.0,1667.0,0.0,0.0,0.0,0.0
2023-08-01 13:00:00,1806.0,158.0,118.0,1570.0,1200.0,0.0,0.0,0.0,0.0
2023-08-01 14:00:00,2125.0,184.0,96.0,1626.0,1239.0,0.0,0.0,0.0,0.0
2023-08-01 15:00:00,3082.0,266.0,71.0,1795.0,1272.0,0.0,0.0,0.0,0.0
2023-08-01 16:00:00,2408.0,114.0,93.0,1466.0,764.0,0.0,0.0,0.0,0.0
2023-08-01 17:00:00,2472.0,20.0,43.0,830.0,735.0,0.0,0.0,0.0,0.0
2023-08-01 18:00:00,1333.0,30.0,31.0,416.0,307.0,0.0,0.0,0.0,0.0
2023-08-01 19:00:00,821.0,27.0,47.0,355.0,180.0,0.0,0.0,0.0,0.0
2023-08-01 20:00:00,690.0,43.0,38.0,0.0,173.0,0.0,0.0,0.0,0.0
2023-08-01 21:00:00,485.0,200.0,33.0,0.0,196.0,0.0,0.0,0.0,0.0
2023-08-01 22:00:00,381.0,51.0,20.0,0.0,184.0,0.0,0.0,0.0,0.0
2023-08-01 23:00:00,172.0,35.0,14.0,0.0,231.0,0.0,0.0,0.0,0.0
2023-08-02 00:00:00,131.0,41.0,5.0,0.0,182.0,0.0,0.0,0.0,0.0
2023-08-02 01:00:00,51.0,4.0,0.0,0.0,50.0,0.0,0.0,0.0,0.0
2023-08-02 02:00:00,51.0,2.0,1.0,0.0,33.0,0.0,0.0,0.0,0.0
2023-08-02 03:00:00,32.0,0.0,0.0,0.0,15.0,0.0,0.0,0.0,0.0
2023-08-02 04:00:00,10.0,0.0,0.0,0.0,0.0,0.0,0.0,0.0,0.0
2023-08-02 05:00:00,18.0,1.0,1.0,0.0,1.0,0.0,0.0,0.0,0.0
2023-08-02 06:00:00,68.0,11.0,13.0,10.0,17.0,0.0,0.0,0.0,0.0
2023-08-02 07:00:00,196.0,0.0,47.0,61.0,72.0,0.0,0.0,0.0,0.0
2023-08-02 08:00:00,467.0,4.0,83.0,60.0,88.0,0.0,0.0,0.0,0.0
2023-08-02 09:00:00,990.0,12.0,82.0,783.0,282.0,0.0,0.0,0.0,0.0
2023-08-02 10:00:00,1262.0,25.0,82.0,1036.0,1101.0,0.0,0.0,0.0,0.0
2023-08-02 11:00:00,1555.0,23.0,122.0,1247.0,1448.0,0.0,0.0,0.0,0.0
2023-08-02 12:00:00,1535.0,65.0,124.0,1591.0,1252.0,0.0,0.0,0.0,0.0
2023-08-02 13:00:00,1640.0,14.0,120.0,1202.0,958.0,0.0,0.0,0.0,0.0
2023-08-02 14:00:00,1320.0,30.0,126.0,1406.0,605.0,0.0,0.0,0.0,0.0
2023-08-02 15:00:00,1260.0,16.0,101.0,1038.0,475.0,0.0,0.0,0.0,0.0
2023-08-02 16:00:00,1508.0,33.0,105.0,902.0,1066.0,0.0,0.0,0.0,0.0
2023-08-02 17:00:00,1145.0,23.0,83.0,607.0,409.0,0.0,0.0,0.0,0.0
2023-08-02 18:00:00,752.0,14.0,71.0,796.0,225.0,0.0,0.0,0.0,0.0
2023-08-02 19:00:00,335.0,23.0,43.0,94.0,70.0,0.0,0.0,0.0,0.0
2023-08-02 20:00:00,250.0,34.0,30.0,103.0,412.0,0.0,0.0,0.0,0.0
2023-08-02 21:00:00,298.0,36.0,25.0,101.0,198.0,0.0,0.0,0.0,0.0
2023-08-02 22:00:00,222.0,88.0,30.0,85.0,28.0,0.0,0.0,0.0,0.0
2023-08-02 23:00:00,178.0,58.0,14.0,5.0,9.0,0.0,0.0,0.0,0.0
2023-08-03 00:00:00,95.0,18.0,11.0,10.0,9.0,0.0,0.0,0.0,0.0
2023-08-03 01:00:00,70.0,6.0,2.0,2.0,0.0,0.0,0.0,0.0,0.0
2023-08-03 02:00:00,71.0,9.0,1.0,2.0,0.0,0.0,0.0,0.0,0.0
2023-08-03 03:00:00,43.0,3.0,0.0,1.0,0.0,0.0,0.0,0.0,0.0
2023-08-03 04:00:00,0.0,0.0,0.0,0.0,0.0,0.0,0.0,0.0,0.0
2023-08-03 05:00:00,34.0,3.0,0.0,11.0,0.0,0.0,0.0,0.0,0.0
2023-08-03 06:00:00,74.0,10.0,18.0,28.0,8.0,0.0,0.0,0.0,0.0
2023-08-03 07:00:00,214.0,0.0,45.0,50.0,46.0,0.0,0.0,0.0,0.0
2023-08-03 08:00:00,346.0,20.0,103.0,100.0,60.0,0.0,0.0,0.0,0.0
2023-08-03 09:00:00,751.0,34.0,109.0,402.0,305.0,0.0,0.0,0.0,0.0
2023-08-03 10:00:00,1227.0,46.0,96.0,764.0,1348.0,0.0,0.0,0.0,0.0
2023-08-03 11:00:00,1530.0,93.0,103.0,1889.0,1871.0,0.0,0.0,0.0,0.0
2023-08-03 12:00:00,1954.0,124.0,76.0,2243.0,1632.0,0.0,0.0,0.0,0.0
2023-08-03 13:00:00,1580.0,93.0,105.0,2006.0,1656.0,0.0,0.0,0.0,0.0
2023-08-03 14:00:00,1693.0,163.0,126.0,2598.0,1425.0,0.0,0.0,0.0,0.0
2023-08-03 15:00:00,1895.0,216.0,125.0,2771.0,783.0,0.0,0.0,0.0,0.0
2023-08-03 16:00:00,1601.0,140.0,76.0,1812.0,823.0,0.0,0.0,0.0,0.0
2023-08-03 17:00:00,1641.0,225.0,86.0,721.0,680.0,0.0,0.0,0.0,0.0
2023-08-03 18:00:00,1462.0,139.0,61.0,339.0,400.0,0.0,0.0,0.0,0.0
2023-08-03 19:00:00,1022.0,42.0,90.0,373.0,359.0,0.0,0.0,0.0,0.0
2023-08-03 20:00:00,713.0,74.0,43.0,315.0,568.0,0.0,0.0,0.0,0.0
2023-08-03 21:00:00,458.0,126.0,41.0,196.0,266.0,0.0,0.0,0.0,0.0
2023-08-03 22:00:00,457.0,184.0,35.0,106.0,35.0,0.0,0.0,0.0,0.0
2023-08-03 23:00:00,290.0,158.0,11.0,25.0,16.0,0.0,0.0,0.0,0.0
2023-08-04 00:00:00,193.0,51.0,6.0,1.0,12.0,0.0,0.0,0.0,0.0
2023-08-04 01:00:00,87.0,56.0,3.0,9.0,8.0,0.0,0.0,0.0,0.0
2023-08-04 02:00:00,55.0,15.0,0.0,4.0,2.0,0.0,0.0,0.0,0.0
2023-08-04 03:00:00,28.0,5.0,0.0,3.0,1.0,0.0,0.0,0.0,0.0
2023-08-04 04:00:00,17.0,5.0,1.0,1.0,0.0,0.0,0.0,0.0,0.0
2023-08-04 05:00:00,37.0,5.0,1.0,9.0,0.0,0.0,0.0,0.0,0.0
2023-08-04 06:00:00,106.0,8.0,13.0,5.0,10.0,0.0,0.0,0.0,0.0
2023-08-04 07:00:00,167.0,0.0,49.0,93.0,32.0,0.0,0.0,0.0,0.0
2023-08-04 08:00:00,339.0,34.0,61.0,114.0,97.0,0.0,0.0,0.0,0.0
2023-08-04 09:00:00,781.0,55.0,129.0,248.0,142.0,0.0,0.0,0.0,0.0
2023-08-04 10:00:00,1243.0,92.0,129.0,1610.0,1055.0,0.0,0.0,0.0,0.0
2023-08-04 11:00:00,1726.0,255.0,129.0,1729.0,948.0,0.0,0.0,0.0,0.0
2023-08-04 12:00:00,1514.0,330.0,115.0,2069.0,1277.0,0.0,0.0,0.0,0.0
2023-08-04 13:00:00,1510.0,256.0,101.0,1758.0,1525.0,0.0,0.0,0.0,0.0
2023-08-04 14:00:00,1442.0,298.0,96.0,1251.0,2535.0,0.0,0.0,0.0,0.0
2023-08-04 15:00:00,1633.0,144.0,105.0,1611.0,1154.0,0.0,0.0,0.0,0.0
2023-08-04 16:00:00,1852.0,343.0,82.0,1974.0,823.0,0.0,0.0,0.0,0.0
2023-08-04 17:00:00,1407.0,333.0,89.0,1418.0,757.0,0.0,0.0,0.0,0.0
2023-08-04 18:00:00,1184.0,134.0,40.0,437.0,158.0,0.0,0.0,0.0,0.0
2023-08-04 19:00:00,629.0,105.0,47.0,455.0,404.0,0.0,0.0,0.0,0.0
2023-08-04 20:00:00,426.0,92.0,76.0,252.0,818.0,0.0,0.0,0.0,0.0
2023-08-04 21:00:00,376.0,170.0,79.0,298.0,165.0,0.0,0.0,0.0,0.0
2023-08-04 22:00:00,364.0,577.0,63.0,102.0,25.0,0.0,0.0,0.0,0.0
2023-08-04 23:00:00,472.0,180.0,24.0,14.0,16.0,0.0,0.0,0.0,0.0
2023-08-05 00:00:00,350.0,217.0,26.0,13.0,7.0,0.0,0.0,0.0,0.0
2023-08-05 01:00:00,262.0,87.0,6.0,10.0,5.0,0.0,0.0,0.0,0.0
2023-08-05 02:00:00,242.0,36.0,3.0,18.0,3.0,0.0,0.0,0.0,0.0
2023-08-05 03:00:00,155.0,6.0,1.0,6.0,1.0,0.0,0.0,0.0,0.0
2023-08-05 04:00:00,77.0,5.0,8.0,5.0,1.0,0.0,0.0,0.0,0.0
2023-08-05 05:00:00,45.0,4.0,0.0,1.0,2.0,0.0,0.0,0.0,0.0
2023-08-05 06:00:00,139.0,10.0,11.0,1.0,5.0,0.0,0.0,0.0,0.0
2023-08-05 07:00:00,224.0,0.0,13.0,36.0,3.0,0.0,0.0,0.0,0.0
2023-08-05 08:00:00,230.0,11.0,62.0,86.0,15.0,0.0,0.0,0.0,0.0
2023-08-05 09:00:00,907.0,45.0,127.0,1108.0,518.0,0.0,0.0,0.0,0.0
2023-08-05 10:00:00,1246.0,143.0,133.0,2480.0,2500.0,0.0,0.0,0.0,0.0
2023-08-05 11:00:00,1846.0,295.0,124.0,2785.0,2419.0,0.0,0.0,0.0,0.0
2023-08-05 12:00:00,2169.0,283.0,76.0,2960.0,1417.0,0.0,0.0,0.0,0.0
2023-08-05 13:00:00,2547.0,565.0,84.0,3945.0,2263.0,0.0,0.0,0.0,0.0
2023-08-05 14:00:00,2268.0,679.0,45.0,4201.0,1741.0,0.0,0.0,0.0,0.0
2023-08-05 15:00:00,2348.0,473.0,144.0,3472.0,448.0,0.0,0.0,0.0,0.0
2023-08-05 16:00:00,2118.0,530.0,79.0,1974.0,358.0,0.0,0.0,0.0,0.0
2023-08-05 17:00:00,1728.0,157.0,72.0,1126.0,375.0,0.0,0.0,0.0,0.0
2023-08-05 18:00:00,1460.0,138.0,70.0,734.0,253.0,0.0,0.0,0.0,0.0
2023-08-05 19:00:00,1060.0,128.0,42.0,538.0,393.0,0.0,0.0,0.0,0.0
2023-08-05 20:00:00,845.0,238.0,43.0,432.0,464.0,0.0,0.0,0.0,0.0
2023-08-05 21:00:00,675.0,423.0,50.0,340.0,157.0,0.0,0.0,0.0,0.0
2023-08-05 22:00:00,643.0,624.0,38.0,109.0,46.0,0.0,0.0,0.0,0.0
2023-08-05 23:00:00,539.0,647.0,22.0,92.0,21.0,0.0,0.0,0.0,0.0
2023-08-06 00:00:00,337.0,429.0,20.0,16.0,15.0,0.0,0.0,0.0,0.0
2023-08-06 01:00:00,241.0,67.0,6.0,28.0,16.0,0.0,0.0,0.0,0.0
2023-08-06 02:00:00,268.0,16.0,6.0,7.0,1.0,0.0,0.0,0.0,0.0
2023-08-06 03:00:00,181.0,120.0,4.0,3.0,0.0,0.0,0.0,0.0,0.0
2023-08-06 04:00:00,169.0,23.0,2.0,8.0,1.0,0.0,0.0,0.0,0.0
2023-08-06 05:00:00,49.0,7.0,2.0,4.0,1.0,0.0,0.0,0.0,0.0
2023-08-06 06:00:00,34.0,8.0,7.0,14.0,1.0,0.0,0.0,0.0,0.0
2023-08-06 07:00:00,44.0,0.0,15.0,43.0,25.0,0.0,0.0,0.0,0.0
2023-08-06 08:00:00,177.0,7.0,40.0,26.0,6.0,0.0,0.0,0.0,0.0
2023-08-06 09:00:00,691.0,21.0,124.0,272.0,149.0,0.0,0.0,0.0,0.0
2023-08-06 10:00:00,592.0,64.0,88.0,1143.0,1082.0,0.0,0.0,0.0,0.0
2023-08-06 11:00:00,960.0,97.0,77.0,1500.0,804.0,0.0,0.0,0.0,0.0
2023-08-06 12:00:00,1378.0,140.0,25.0,2589.0,702.0,0.0,0.0,0.0,0.0
2023-08-06 13:00:00,1323.0,192.0,53.0,2344.0,719.0,0.0,0.0,0.0,0.0
2023-08-06 14:00:00,1338.0,168.0,34.0,2808.0,375.0,0.0,0.0,0.0,0.0
2023-08-06 15:00:00,1624.0,216.0,30.0,1868.0,234.0,0.0,0.0,0.0,0.0
2023-08-06 16:00:00,1734.0,152.0,43.0,1308.0,149.0,0.0,0.0,0.0,0.0
2023-08-06 17:00:00,974.0,69.0,24.0,1140.0,72.0,0.0,0.0,0.0,0.0
2023-08-06 18:00:00,501.0,121.0,28.0,352.0,102.0,0.0,0.0,0.0,0.0
2023-08-06 19:00:00,365.0,23.0,21.0,99.0,53.0,0.0,0.0,0.0,0.0
2023-08-06 20:00:00,368.0,62.0,12.0,93.0,28.0,0.0,0.0,0.0,0.0
2023-08-06 21:00:00,283.0,124.0,10.0,33.0,19.0,0.0,0.0,0.0,0.0
2023-08-06 22:00:00,241.0,192.0,9.0,20.0,8.0,0.0,0.0,0.0,0.0
2023-08-06 23:00:00,84.0,29.0,1.0,5.0,17.0,0.0,0.0,0.0,0.0
2023-08-07 00:00:00,77.0,12.0,1.0,3.0,1.0,0.0,0.0,0.0,0.0
2023-08-07 01:00:00,22.0,3.0,0.0,0.0,0.0,0.0,0.0,0.0,0.0
2023-08-07 02:00:00,47.0,3.0,0.0,0.0,0.0,0.0,0.0,0.0,0.0
2023-08-07 03:00:00,39.0,5.0,0.0,0.0,0.0,0.0,0.0,0.0,0.0
2023-08-07 04:00:00,11.0,1.0,0.0,0.0,0.0,0.0,0.0,0.0,0.0
2023-08-07 05:00:00,40.0,0.0,2.0,7.0,7.0,0.0,0.0,0.0,0.0
2023-08-07 06:00:00,90.0,1.0,15.0,39.0,26.0,0.0,0.0,0.0,0.0
2023-08-07 07:00:00,180.0,2.0,35.0,105.0,20.0,0.0,0.0,0.0,0.0
2023-08-07 08:00:00,321.0,10.0,59.0,63.0,40.0,0.0,0.0,0.0,0.0
2023-08-07 09:00:00,664.0,18.0,200.0,435.0,389.0,0.0,0.0,0.0,0.0
2023-08-07 10:00:00,1286.0,8.0,118.0,1966.0,1777.0,0.0,0.0,0.0,0.0
2023-08-07 11:00:00,1640.0,17.0,89.0,1861.0,1231.0,0.0,0.0,0.0,0.0
2023-08-07 12:00:00,1917.0,45.0,77.0,1992.0,1033.0,0.0,0.0,0.0,0.0
2023-08-07 13:00:00,1899.0,62.0,60.0,1672.0,1622.0,0.0,0.0,0.0,0.0
2023-08-07 14:00:00,1945.0,38.0,43.0,1476.0,1321.0,0.0,0.0,0.0,0.0
2023-08-07 15:00:00,2099.0,34.0,41.0,1861.0,1194.0,0.0,0.0,0.0,0.0
2023-08-07 16:00:00,2042.0,52.0,104.0,1290.0,1251.0,0.0,0.0,0.0,0.0
2023-08-07 17:00:00,1635.0,51.0,119.0,871.0,515.0,0.0,0.0,0.0,0.0
2023-08-07 18:00:00,1487.0,49.0,64.0,494.0,110.0,0.0,0.0,0.0,0.0
2023-08-07 19:00:00,1048.0,52.0,47.0,325.0,74.0,0.0,0.0,0.0,0.0
2023-08-07 20:00:00,767.0,33.0,40.0,195.0,54.0,0.0,0.0,0.0,0.0
2023-08-07 21:00:00,605.0,88.0,36.0,72.0,52.0,0.0,0.0,0.0,0.0
2023-08-07 22:00:00,433.0,311.0,20.0,34.0,25.0,0.0,0.0,0.0,0.0
2023-08-07 23:00:00,206.0,263.0,13.0,11.0,13.0,0.0,0.0,0.0,0.0
2023-08-08 00:00:00,88.0,141.0,1.0,25.0,2.0,0.0,0.0,0.0,0.0
2023-08-08 01:00:00,80.0,163.0,3.0,12.0,1.0,0.0,0.0,0.0,0.0
2023-08-08 02:00:00,116.0,285.0,5.0,18.0,4.0,0.0,0.0,0.0,0.0
2023-08-08 03:00:00,57.0,6.0,1.0,0.0,9.0,0.0,0.0,0.0,0.0
2023-08-08 04:00:00,53.0,4.0,1.0,2.0,3.0,0.0,0.0,0.0,0.0
2023-08-08 05:00:00,58.0,7.0,5.0,2.0,2.0,0.0,0.0,0.0,0.0
2023-08-08 06:00:00,102.0,4.0,7.0,31.0,7.0,0.0,0.0,0.0,0.0
2023-08-08 07:00:00,197.0,0.0,33.0,39.0,24.0,0.0,0.0,0.0,0.0
2023-08-08 08:00:00,376.0,5.0,75.0,85.0,40.0,0.0,0.0,0.0,0.0
2023-08-08 09:00:00,806.0,12.0,69.0,760.0,234.0,0.0,0.0,0.0,0.0
2023-08-08 10:00:00,1163.0,12.0,126.0,1723.0,1517.0,0.0,0.0,0.0,0.0
2023-08-08 11:00:00,2056.0,79.0,77.0,2059.0,1416.0,0.0,0.0,0.0,0.0
2023-08-08 12:00:00,2001.0,49.0,86.0,2377.0,1215.0,0.0,0.0,0.0,0.0
2023-08-08 13:00:00,2101.0,51.0,80.0,1704.0,1439.0,0.0,0.0,0.0,0.0
2023-08-08 14:00:00,2102.0,42.0,112.0,2444.0,1224.0,0.0,0.0,0.0,0.0
2023-08-08 15:00:00,1815.0,44.0,148.0,2067.0,754.0,0.0,0.0,0.0,0.0
2023-08-08 16:00:00,2013.0,92.0,119.0,2185.0,901.0,0.0,0.0,0.0,0.0
2023-08-08 17:00:00,1870.0,113.0,69.0,1441.0,834.0,0.0,0.0,0.0,0.0
2023-08-08 18:00:00,1301.0,35.0,54.0,397.0,160.0,0.0,0.0,0.0,0.0
2023-08-08 19:00:00,1048.0,66.0,73.0,364.0,137.0,0.0,0.0,0.0,0.0
2023-08-08 20:00:00,712.0,144.0,54.0,164.0,344.0,0.0,0.0,0.0,0.0
2023-08-08 21:00:00,618.0,82.0,37.0,56.0,182.0,0.0,0.0,0.0,0.0
2023-08-08 22:00:00,422.0,33.0,17.0,62.0,99.0,0.0,0.0,0.0,0.0
2023-08-08 23:00:00,232.0,29.0,10.0,20.0,67.0,0.0,0.0,0.0,0.0
2023-08-09 00:00:00,97.0,50.0,1.0,2.0,41.0,0.0,0.0,0.0,0.0
2023-08-09 01:00:00,71.0,24.0,4.0,5.0,64.0,0.0,0.0,0.0,0.0
2023-08-09 02:00:00,28.0,12.0,0.0,1.0,0.0,0.0,0.0,0.0,0.0
2023-08-09 03:00:00,15.0,4.0,0.0,32.0,0.0,0.0,0.0,0.0,0.0
2023-08-09 04:00:00,30.0,2.0,1.0,0.0,0.0,0.0,0.0,0.0,0.0
2023-08-09 05:00:00,10.0,0.0,0.0,2.0,0.0,0.0,0.0,0.0,0.0
2023-08-09 06:00:00,105.0,2.0,7.0,29.0,19.0,0.0,0.0,0.0,0.0
2023-08-09 07:00:00,173.0,3.0,38.0,49.0,26.0,0.0,0.0,0.0,0.0
2023-08-09 08:00:00,453.0,24.0,54.0,79.0,56.0,0.0,0.0,0.0,0.0
2023-08-09 09:00:00,898.0,47.0,94.0,399.0,356.0,0.0,0.0,0.0,0.0
2023-08-09 10:00:00,1427.0,22.0,163.0,1224.0,1586.0,0.0,0.0,0.0,0.0
2023-08-09 11:00:00,2084.0,97.0,142.0,1370.0,1624.0,0.0,43.0,0.0,0.0
2023-08-09 12:00:00,2472.0,187.0,100.0,1789.0,1175.0,0.0,0.0,9.0,222.0
2023-08-09 13:00:00,2551.0,140.0,102.0,1701.0,1718.0,0.0,0.0,12.0,7.0
2023-08-09 14:00:00,1991.0,183.0,67.0,1746.0,1077.0,0.0,0.0,0.0,585.0
2023-08-09 15:00:00,2239.0,101.0,78.0,1540.0,969.0,0.0,0.0,0.0,381.0
2023-08-09 16:00:00,2218.0,202.0,109.0,2463.0,837.0,0.0,14.0,12.0,73.0
2023-08-09 17:00:00,2784.0,169.0,99.0,1765.0,1495.0,0.0,0.0,0.0,0.0
2023-08-09 18:00:00,1314.0,132.0,75.0,551.0,405.0,0.0,0.0,0.0,0.0
2023-08-09 19:00:00,1169.0,69.0,39.0,474.0,364.0,0.0,0.0,0.0,0.0
2023-08-09 20:00:00,986.0,41.0,24.0,262.0,1413.0,0.0,0.0,0.0,0.0
2023-08-09 21:00:00,736.0,58.0,32.0,162.0,278.0,0.0,0.0,0.0,0.0
2023-08-09 22:00:00,568.0,44.0,13.0,192.0,46.0,0.0,0.0,0.0,0.0
2023-08-09 23:00:00,171.0,126.0,10.0,13.0,12.0,0.0,0.0,0.0,0.0
2023-08-10 00:00:00,96.0,114.0,3.0,3.0,9.0,0.0,0.0,0.0,0.0
2023-08-10 01:00:00,57.0,18.0,0.0,5.0,0.0,0.0,0.0,0.0,0.0
2023-08-10 02:00:00,30.0,2.0,0.0,0.0,0.0,0.0,0.0,0.0,0.0
2023-08-10 03:00:00,10.0,1.0,0.0,0.0,0.0,0.0,0.0,0.0,0.0
2023-08-10 04:00:00,23.0,1.0,2.0,1.0,0.0,0.0,0.0,0.0,0.0
2023-08-10 05:00:00,38.0,0.0,2.0,2.0,0.0,0.0,0.0,0.0,0.0
2023-08-10 06:00:00,92.0,10.0,26.0,29.0,5.0,0.0,0.0,0.0,0.0
2023-08-10 07:00:00,152.0,0.0,53.0,60.0,29.0,0.0,0.0,0.0,0.0
2023-08-10 08:00:00,405.0,12.0,60.0,166.0,95.0,521.0,0.0,0.0,0.0
2023-08-10 09:00:00,751.0,13.0,90.0,428.0,684.0,917.0,0.0,0.0,0.0
2023-08-10 10:00:00,1656.0,55.0,83.0,1536.0,2203.0,3433.0,0.0,0.0,0.0
2023-08-10 11:00:00,1795.0,95.0,105.0,2403.0,1861.0,5773.0,0.0,0.0,0.0
2023-08-10 12:00:00,2231.0,48.0,69.0,2388.0,1424.0,6818.0,0.0,0.0,0.0
2023-08-10 13:00:00,2261.0,32.0,55.0,2721.0,1834.0,8149.0,0.0,0.0,0.0
2023-08-10 14:00:00,2228.0,109.0,40.0,2238.0,2130.0,6425.0,0.0,0.0,0.0
2023-08-10 15:00:00,2343.0,81.0,95.0,2563.0,1228.0,6356.0,0.0,0.0,0.0
2023-08-10 16:00:00,2388.0,56.0,69.0,1970.0,955.0,6869.0,0.0,0.0,0.0
2023-08-10 17:00:00,2080.0,111.0,50.0,1136.0,1089.0,6168.0,0.0,0.0,0.0
2023-08-10 18:00:00,1281.0,38.0,62.0,530.0,267.0,0.0,0.0,0.0,0.0
2023-08-10 19:00:00,1231.0,76.0,43.0,291.0,313.0,784.0,0.0,0.0,0.0
2023-08-10 20:00:00,1182.0,80.0,32.0,285.0,558.0,205.0,0.0,0.0,0.0
2023-08-10 21:00:00,1016.0,175.0,32.0,142.0,252.0,0.0,0.0,0.0,0.0
2023-08-10 22:00:00,461.0,241.0,26.0,60.0,138.0,178.0,0.0,0.0,0.0
2023-08-10 23:00:00,277.0,150.0,9.0,52.0,30.0,0.0,0.0,0.0,0.0
2023-08-11 00:00:00,130.0,63.0,2.0,8.0,6.0,58.0,0.0,0.0,0.0
2023-08-11 01:00:00,109.0,48.0,4.0,4.0,0.0,12.0,0.0,0.0,0.0
2023-08-11 02:00:00,78.0,22.0,2.0,0.0,0.0,0.0,0.0,0.0,0.0
2023-08-11 03:00:00,13.0,0.0,0.0,0.0,0.0,0.0,0.0,0.0,0.0
2023-08-11 04:00:00,0.0,0.0,0.0,0.0,0.0,0.0,0.0,0.0,0.0
2023-08-11 05:00:00,18.0,1.0,3.0,3.0,3.0,0.0,0.0,0.0,0.0
2023-08-11 06:00:00,96.0,5.0,14.0,41.0,18.0,0.0,0.0,0.0,0.0
2023-08-11 07:00:00,175.0,1.0,42.0,30.0,40.0,92.0,0.0,0.0,0.0
2023-08-11 08:00:00,410.0,7.0,108.0,63.0,58.0,102.0,0.0,0.0,0.0
2023-08-11 09:00:00,1000.0,29.0,128.0,1300.0,424.0,983.0,1831.0,259.0,98.0
2023-08-11 10:00:00,1468.0,86.0,120.0,1283.0,2278.0,3102.0,9.0,0.0,0.0
2023-08-11 11:00:00,1692.0,83.0,76.0,1800.0,1547.0,4463.0,0.0,0.0,0.0
2023-08-11 12:00:00,1829.0,135.0,86.0,2205.0,1554.0,3485.0,0.0,0.0,0.0
2023-08-11 13:00:00,2173.0,161.0,91.0,1985.0,1921.0,4976.0,0.0,0.0,0.0
2023-08-11 14:00:00,2604.0,194.0,73.0,2128.0,1390.0,5238.0,0.0,0.0,0.0
2023-08-11 15:00:00,2549.0,205.0,108.0,1880.0,1059.0,5614.0,0.0,0.0,0.0
2023-08-11 16:00:00,3411.0,329.0,98.0,1992.0,967.0,6368.0,0.0,0.0,1576.0
2023-08-11 17:00:00,2351.0,237.0,76.0,758.0,1004.0,5466.0,0.0,0.0,5688.0
2023-08-11 18:00:00,1994.0,197.0,43.0,567.0,274.0,91.0,0.0,0.0,6242.0
2023-08-11 19:00:00,1788.0,396.0,38.0,579.0,448.0,9.0,0.0,0.0,6177.0
2023-08-11 20:00:00,1812.0,117.0,19.0,276.0,964.0,0.0,0.0,0.0,5582.0
2023-08-11 21:00:00,1459.0,323.0,41.0,168.0,384.0,0.0,0.0,0.0,5044.0
2023-08-11 22:00:00,1402.0,595.0,36.0,128.0,201.0,1784.0,0.0,0.0,4156.0
2023-08-11 23:00:00,874.0,1191.0,28.0,71.0,58.0,337.0,0.0,0.0,1577.0
2023-08-12 00:00:00,425.0,1049.0,17.0,32.0,55.0,147.0,0.0,0.0,349.0
2023-08-12 01:00:00,347.0,184.0,8.0,52.0,16.0,100.0,0.0,0.0,165.0
2023-08-12 02:00:00,246.0,162.0,7.0,10.0,11.0,148.0,0.0,0.0,124.0
2023-08-12 03:00:00,245.0,18.0,1.0,4.0,5.0,96.0,0.0,0.0,119.0
2023-08-12 04:00:00,201.0,7.0,1.0,2.0,0.0,1.0,0.0,0.0,54.0
2023-08-12 05:00:00,77.0,5.0,1.0,10.0,0.0,1.0,0.0,0.0,144.0
2023-08-12 06:00:00,76.0,12.0,8.0,3.0,11.0,18.0,0.0,0.0,136.0
2023-08-12 07:00:00,96.0,0.0,20.0,45.0,11.0,41.0,0.0,0.0,86.0
2023-08-12 08:00:00,320.0,17.0,66.0,70.0,89.0,282.0,0.0,0.0,265.0
2023-08-12 09:00:00,1325.0,31.0,152.0,1350.0,713.0,519.0,0.0,0.0,682.0
2023-08-12 10:00:00,2494.0,84.0,88.0,1545.0,3464.0,3955.0,0.0,0.0,1567.0
2023-08-12 11:00:00,2218.0,118.0,80.0,2476.0,2270.0,7464.0,0.0,0.0,2192.0
2023-08-12 12:00:00,2576.0,186.0,33.0,2801.0,1292.0,7817.0,0.0,0.0,3524.0
2023-08-12 13:00:00,2424.0,236.0,36.0,3654.0,3152.0,7044.0,0.0,0.0,4547.0
2023-08-12 14:00:00,2480.0,237.0,36.0,3647.0,1914.0,8564.0,0.0,0.0,5146.0
2023-08-12 15:00:00,2570.0,231.0,122.0,3190.0,653.0,8420.0,0.0,0.0,5543.0
2023-08-12 16:00:00,1715.0,182.0,39.0,1743.0,389.0,6070.0,0.0,0.0,6107.0
2023-08-12 17:00:00,1432.0,188.0,71.0,1189.0,307.0,6854.0,0.0,0.0,6077.0
2023-08-12 18:00:00,1702.0,152.0,67.0,736.0,208.0,20.0,0.0,0.0,6047.0
2023-08-12 19:00:00,1300.0,101.0,58.0,293.0,537.0,4.0,0.0,0.0,6655.0
2023-08-12 20:00:00,985.0,49.0,43.0,352.0,1090.0,33.0,0.0,0.0,5110.0
2023-08-12 21:00:00,1048.0,214.0,45.0,212.0,330.0,53.0,0.0,0.0,4270.0
2023-08-12 22:00:00,819.0,1039.0,43.0,293.0,75.0,54.0,0.0,0.0,4158.0
2023-08-12 23:00:00,823.0,1051.0,19.0,76.0,43.0,291.0,0.0,0.0,1706.0
2023-08-13 00:00:00,572.0,824.0,22.0,20.0,57.0,47.0,0.0,0.0,211.0
2023-08-13 01:00:00,394.0,757.0,6.0,12.0,14.0,61.0,0.0,0.0,148.0
2023-08-13 02:00:00,303.0,416.0,5.0,54.0,7.0,90.0,0.0,0.0,78.0
2023-08-13 03:00:00,175.0,268.0,4.0,1.0,14.0,35.0,0.0,0.0,100.0
2023-08-13 04:00:00,138.0,64.0,0.0,4.0,1.0,1.0,0.0,0.0,50.0
2023-08-13 05:00:00,99.0,18.0,1.0,13.0,0.0,3.0,0.0,0.0,34.0
2023-08-13 06:00:00,42.0,15.0,15.0,1.0,4.0,4.0,0.0,0.0,28.0
2023-08-13 07:00:00,53.0,0.0,12.0,7.0,5.0,29.0,0.0,0.0,50.0
2023-08-13 08:00:00,173.0,8.0,47.0,32.0,11.0,136.0,0.0,0.0,60.0
2023-08-13 09:00:00,825.0,43.0,116.0,186.0,304.0,1340.0,0.0,0.0,300.0
2023-08-13 10:00:00,1271.0,62.0,49.0,1443.0,1502.0,3314.0,0.0,0.0,467.0
2023-08-13 11:00:00,1460.0,236.0,50.0,1678.0,1018.0,5493.0,0.0,0.0,1130.0
2023-08-13 12:00:00,2005.0,344.0,30.0,2559.0,1279.0,6737.0,0.0,0.0,3063.0
2023-08-13 13:00:00,2207.0,332.0,33.0,2890.0,1588.0,6501.0,0.0,0.0,4200.0
2023-08-13 14:00:00,3036.0,317.0,28.0,2820.0,820.0,8725.0,0.0,0.0,5309.0
2023-08-13 15:00:00,2691.0,483.0,53.0,2742.0,615.0,8366.0,0.0,0.0,5412.0
2023-08-13 16:00:00,2436.0,310.0,22.0,1695.0,484.0,8196.0,0.0,0.0,5743.0
2023-08-13 17:00:00,2331.0,357.0,28.0,1249.0,319.0,5465.0,0.0,0.0,5913.0
2023-08-13 18:00:00,1828.0,297.0,23.0,758.0,248.0,25.0,0.0,0.0,5817.0
2023-08-13 19:00:00,1412.0,259.0,10.0,427.0,176.0,0.0,0.0,0.0,6015.0
2023-08-13 20:00:00,1107.0,157.0,25.0,365.0,196.0,0.0,0.0,0.0,4955.0
2023-08-13 21:00:00,737.0,382.0,24.0,132.0,110.0,0.0,0.0,0.0,5102.0
2023-08-13 22:00:00,451.0,298.0,18.0,41.0,71.0,176.0,0.0,0.0,1348.0
2023-08-13 23:00:00,300.0,465.0,5.0,17.0,50.0,0.0,0.0,0.0,222.0
2023-08-14 00:00:00,163.0,382.0,3.0,53.0,16.0,1.0,0.0,0.0,140.0
2023-08-14 01:00:00,84.0,123.0,0.0,17.0,2.0,1.0,0.0,0.0,77.0
2023-08-14 02:00:00,71.0,13.0,0.0,0.0,0.0,6.0,0.0,0.0,24.0
2023-08-14 03:00:00,31.0,3.0,1.0,0.0,0.0,0.0,0.0,0.0,15.0
2023-08-14 04:00:00,44.0,0.0,0.0,0.0,0.0,0.0,0.0,0.0,36.0
2023-08-14 05:00:00,54.0,3.0,1.0,3.0,8.0,6.0,0.0,0.0,40.0
2023-08-14 06:00:00,90.0,14.0,9.0,14.0,21.0,24.0,0.0,0.0,73.0
2023-08-14 07:00:00,130.0,0.0,39.0,18.0,35.0,5.0,0.0,0.0,180.0
2023-08-14 08:00:00,383.0,24.0,87.0,64.0,123.0,5.0,0.0,0.0,405.0
2023-08-14 09:00:00,1175.0,39.0,66.0,572.0,900.0,0.0,0.0,0.0,942.0
2023-08-14 10:00:00,1421.0,135.0,83.0,1564.0,2276.0,255.0,0.0,0.0,1202.0
2023-08-14 11:00:00,2033.0,195.0,86.0,2311.0,1745.0,184.0,0.0,0.0,1795.0
2023-08-14 12:00:00,2066.0,195.0,66.0,2511.0,1813.0,818.0,0.0,0.0,2764.0
2023-08-14 13:00:00,2174.0,243.0,63.0,1929.0,2338.0,1756.0,0.0,0.0,2500.0
2023-08-14 14:00:00,2096.0,103.0,105.0,1960.0,1785.0,4430.0,0.0,0.0,2714.0
2023-08-14 15:00:00,2015.0,208.0,72.0,1905.0,898.0,2580.0,0.0,0.0,2415.0
2023-08-14 16:00:00,2271.0,217.0,104.0,1581.0,684.0,1765.0,0.0,0.0,1999.0
2023-08-14 17:00:00,2035.0,181.0,72.0,1246.0,708.0,773.0,0.0,0.0,2028.0
2023-08-14 18:00:00,1675.0,220.0,86.0,423.0,248.0,1652.0,0.0,0.0,1638.0
2023-08-14 19:00:00,1372.0,248.0,90.0,433.0,214.0,4965.0,0.0,0.0,1319.0
2023-08-14 20:00:00,998.0,817.0,58.0,230.0,207.0,4601.0,0.0,0.0,1045.0
2023-08-14 21:00:00,834.0,727.0,43.0,131.0,143.0,4564.0,0.0,0.0,749.0
2023-08-14 22:00:00,684.0,1465.0,28.0,119.0,157.0,2214.0,0.0,0.0,489.0
2023-08-14 23:00:00,459.0,1113.0,29.0,47.0,61.0,361.0,0.0,0.0,282.0
2023-08-15 00:00:00,413.0,511.0,13.0,22.0,15.0,33.0,0.0,0.0,250.0
2023-08-15 01:00:00,260.0,247.0,9.0,23.0,16.0,31.0,0.0,0.0,109.0
2023-08-15 02:00:00,190.0,124.0,7.0,13.0,9.0,43.0,0.0,0.0,69.0
2023-08-15 03:00:00,147.0,104.0,3.0,23.0,0.0,103.0,0.0,0.0,54.0
2023-08-15 04:00:00,128.0,26.0,5.0,0.0,8.0,51.0,0.0,0.0,47.0
2023-08-15 05:00:00,40.0,22.0,5.0,3.0,2.0,29.0,0.0,0.0,15.0
2023-08-15 06:00:00,85.0,1.0,8.0,13.0,0.0,32.0,0.0,0.0,29.0
2023-08-15 07:00:00,101.0,0.0,7.0,27.0,6.0,94.0,0.0,0.0,49.0
2023-08-15 08:00:00,232.0,34.0,32.0,71.0,38.0,27.0,0.0,0.0,150.0
2023-08-15 09:00:00,628.0,61.0,89.0,748.0,591.0,1007.0,0.0,0.0,508.0
2023-08-15 10:00:00,1106.0,125.0,47.0,908.0,1686.0,3844.0,0.0,0.0,721.0
2023-08-15 11:00:00,1287.0,71.0,41.0,1206.0,1367.0,5041.0,0.0,0.0,972.0
2023-08-15 12:00:00,1355.0,105.0,21.0,1772.0,975.0,4705.0,0.0,0.0,1098.0
2023-08-15 13:00:00,1502.0,128.0,21.0,2486.0,1214.0,5110.0,0.0,0.0,1226.0
2023-08-15 14:00:00,1844.0,162.0,71.0,1693.0,413.0,6047.0,0.0,0.0,1551.0
2023-08-15 15:00:00,1201.0,117.0,26.0,1582.0,400.0,6075.0,0.0,0.0,1037.0
2023-08-15 16:00:00,1138.0,163.0,104.0,1545.0,271.0,5107.0,0.0,0.0,1231.0
2023-08-15 17:00:00,1095.0,164.0,43.0,1011.0,178.0,4759.0,0.0,0.0,944.0
2023-08-15 18:00:00,930.0,89.0,76.0,405.0,165.0,4142.0,0.0,0.0,963.0
2023-08-15 19:00:00,784.0,69.0,124.0,309.0,194.0,4632.0,0.0,0.0,961.0
2023-08-15 20:00:00,879.0,32.0,58.0,261.0,237.0,3898.0,0.0,0.0,838.0
2023-08-15 21:00:00,541.0,14.0,48.0,140.0,149.0,2968.0,0.0,0.0,516.0
2023-08-15 22:00:00,362.0,11.0,41.0,45.0,86.0,1199.0,0.0,0.0,241.0
2023-08-15 23:00:00,285.0,7.0,12.0,18.0,106.0,166.0,0.0,0.0,135.0
2023-08-16 00:00:00,124.0,31.0,6.0,3.0,20.0,54.0,0.0,0.0,113.0
2023-08-16 01:00:00,69.0,9.0,3.0,4.0,15.0,41.0,0.0,0.0,31.0
2023-08-16 02:00:00,60.0,0.0,1.0,1.0,41.0,26.0,0.0,0.0,32.0
2023-08-16 03:00:00,33.0,2.0,0.0,1.0,1.0,45.0,0.0,0.0,11.0
2023-08-16 04:00:00,36.0,2.0,0.0,1.0,0.0,3.0,0.0,0.0,13.0
2023-08-16 05:00:00,26.0,6.0,0.0,5.0,3.0,36.0,0.0,0.0,23.0
2023-08-16 06:00:00,67.0,4.0,31.0,21.0,9.0,46.0,0.0,0.0,86.0
2023-08-16 07:00:00,308.0,0.0,56.0,27.0,39.0,167.0,0.0,0.0,555.0
2023-08-16 08:00:00,367.0,9.0,85.0,65.0,60.0,386.0,0.0,0.0,783.0
2023-08-16 09:00:00,755.0,23.0,234.0,506.0,739.0,485.0,0.0,0.0,1332.0
2023-08-16 10:00:00,1417.0,92.0,154.0,1251.0,1979.0,2374.0,0.0,0.0,2134.0
2023-08-16 11:00:00,2121.0,115.0,83.0,2059.0,1649.0,5301.0,0.0,0.0,3105.0
2023-08-16 12:00:00,2089.0,226.0,111.0,1798.0,1642.0,5233.0,0.0,0.0,3970.0
2023-08-16 13:00:00,1780.0,437.0,134.0,1962.0,1573.0,6040.0,0.0,0.0,3782.0
2023-08-16 14:00:00,1722.0,1003.0,103.0,2488.0,840.0,5704.0,3348.0,1839.0,4107.0
2023-08-16 15:00:00,1662.0,276.0,105.0,2336.0,584.0,5375.0,4391.0,1907.0,3505.0
2023-08-16 16:00:00,1883.0,258.0,125.0,1820.0,767.0,4975.0,3898.0,1599.0,3113.0
2023-08-16 17:00:00,1545.0,150.0,86.0,745.0,732.0,3991.0,2785.0,1539.0,3494.0
2023-08-16 18:00:00,1395.0,200.0,84.0,446.0,166.0,4.0,0.0,1360.0,2004.0
2023-08-16 19:00:00,937.0,220.0,75.0,516.0,226.0,0.0,0.0,923.0,1961.0
2023-08-16 20:00:00,978.0,145.0,33.0,280.0,901.0,1615.0,0.0,569.0,1696.0
2023-08-16 21:00:00,615.0,159.0,25.0,78.0,436.0,1953.0,311.0,328.0,1232.0
2023-08-16 22:00:00,573.0,73.0,33.0,109.0,81.0,1233.0,246.0,337.0,546.0
2023-08-16 23:00:00,256.0,102.0,10.0,20.0,36.0,81.0,100.0,81.0,154.0
2023-08-17 00:00:00,217.0,67.0,2.0,4.0,12.0,26.0,54.0,52.0,127.0
2023-08-17 01:00:00,94.0,10.0,2.0,1.0,2.0,0.0,8.0,85.0,94.0
2023-08-17 02:00:00,134.0,20.0,2.0,0.0,3.0,76.0,8.0,12.0,26.0
2023-08-17 03:00:00,53.0,0.0,4.0,0.0,0.0,0.0,9.0,4.0,9.0
2023-08-17 04:00:00,41.0,0.0,5.0,1.0,1.0,1.0,2.0,4.0,1.0
2023-08-17 05:00:00,48.0,1.0,0.0,7.0,0.0,3.0,14.0,27.0,93.0
2023-08-17 06:00:00,127.0,22.0,23.0,25.0,17.0,0.0,0.0,117.0,76.0
2023-08-17 07:00:00,266.0,0.0,75.0,68.0,45.0,39.0,0.0,248.0,379.0
2023-08-17 08:00:00,491.0,25.0,135.0,90.0,58.0,2.0,0.0,438.0,775.0
2023-08-17 09:00:00,1047.0,36.0,188.0,380.0,541.0,315.0,0.0,688.0,1215.0
2023-08-17 10:00:00,1245.0,90.0,186.0,995.0,1870.0,2588.0,0.0,1047.0,1769.0
2023-08-17 11:00:00,1745.0,107.0,143.0,1551.0,1513.0,4856.0,0.0,1711.0,3031.0
2023-08-17 12:00:00,2069.0,261.0,128.0,1772.0,1548.0,4512.0,0.0,1599.0,3043.0
2023-08-17 13:00:00,2390.0,365.0,159.0,1745.0,1378.0,4758.0,0.0,1537.0,3003.0
2023-08-17 14:00:00,1990.0,137.0,98.0,2343.0,1291.0,4755.0,0.0,1155.0,2774.0
2023-08-17 15:00:00,1703.0,205.0,144.0,1768.0,951.0,5202.0,75.0,1590.0,2975.0
2023-08-17 16:00:00,1941.0,94.0,233.0,1187.0,667.0,5876.0,21.0,1555.0,3878.0
2023-08-17 17:00:00,1859.0,149.0,180.0,929.0,566.0,4277.0,872.0,1275.0,3104.0
2023-08-17 18:00:00,965.0,77.0,61.0,213.0,180.0,157.0,580.0,548.0,986.0
2023-08-17 19:00:00,541.0,43.0,68.0,107.0,97.0,257.0,265.0,165.0,578.0
2023-08-17 20:00:00,388.0,96.0,90.0,49.0,154.0,87.0,132.0,126.0,401.0
2023-08-17 21:00:00,376.0,19.0,58.0,63.0,164.0,38.0,115.0,58.0,319.0
2023-08-17 22:00:00,325.0,173.0,20.0,63.0,52.0,125.0,110.0,78.0,285.0
2023-08-17 23:00:00,203.0,120.0,10.0,14.0,3.0,136.0,91.0,45.0,160.0
2023-08-18 00:00:00,102.0,51.0,4.0,24.0,7.0,0.0,80.0,56.0,175.0
2023-08-18 01:00:00,117.0,42.0,4.0,1.0,3.0,0.0,8.0,8.0,166.0
2023-08-18 02:00:00,96.0,6.0,5.0,2.0,29.0,11.0,19.0,17.0,86.0
2023-08-18 03:00:00,34.0,0.0,6.0,0.0,0.0,5.0,3.0,2.0,23.0
2023-08-18 04:00:00,40.0,5.0,7.0,0.0,3.0,0.0,2.0,2.0,20.0
2023-08-18 05:00:00,27.0,2.0,6.0,5.0,1.0,4.0,13.0,14.0,23.0
2023-08-18 06:00:00,134.0,2.0,15.0,37.0,16.0,13.0,79.0,74.0,150.0
2023-08-18 07:00:00,262.0,0.0,93.0,40.0,33.0,16.0,391.0,283.0,326.0
2023-08-18 08:00:00,463.0,22.0,120.0,92.0,99.0,43.0,547.0,581.0,907.0
2023-08-18 09:00:00,1022.0,44.0,161.0,655.0,359.0,316.0,380.0,1362.0,2853.0
2023-08-18 10:00:00,1581.0,33.0,112.0,1686.0,1798.0,3146.0,723.0,1064.0,2795.0
2023-08-18 11:00:00,2074.0,80.0,89.0,1437.0,1480.0,4628.0,2318.0,1327.0,3103.0
2023-08-18 12:00:00,2420.0,172.0,78.0,2144.0,1284.0,5282.0,2404.0,1280.0,4113.0
2023-08-18 13:00:00,2255.0,142.0,89.0,1670.0,1856.0,4237.0,746.0,997.0,4628.0
2023-08-18 14:00:00,2050.0,130.0,104.0,2037.0,1018.0,5074.0,0.0,822.0,4327.0
2023-08-18 15:00:00,1925.0,81.0,94.0,1622.0,1801.0,5090.0,0.0,886.0,4287.0
2023-08-18 16:00:00,1637.0,75.0,75.0,1350.0,901.0,5542.0,0.0,1144.0,5034.0
2023-08-18 17:00:00,1655.0,442.0,92.0,889.0,451.0,4649.0,0.0,862.0,3898.0
2023-08-18 18:00:00,1207.0,162.0,86.0,574.0,174.0,35.0,56.0,789.0,3721.0
2023-08-18 19:00:00,996.0,150.0,68.0,360.0,237.0,83.0,601.0,534.0,2735.0
2023-08-18 20:00:00,895.0,208.0,67.0,502.0,853.0,1231.0,868.0,371.0,3176.0
2023-08-18 21:00:00,755.0,572.0,72.0,300.0,533.0,1249.0,455.0,290.0,2372.0
2023-08-18 22:00:00,562.0,1029.0,53.0,104.0,146.0,2309.0,305.0,223.0,1246.0
2023-08-18 23:00:00,757.0,726.0,43.0,50.0,66.0,918.0,303.0,177.0,701.0
2023-08-19 00:00:00,484.0,559.0,20.0,12.0,36.0,301.0,122.0,23.0,246.0
2023-08-19 01:00:00,290.0,583.0,14.0,26.0,84.0,108.0,119.0,38.0,132.0
2023-08-19 02:00:00,299.0,33.0,7.0,3.0,8.0,42.0,87.0,40.0,125.0
2023-08-19 03:00:00,218.0,5.0,1.0,1.0,4.0,5.0,48.0,1.0,20.0
2023-08-19 04:00:00,120.0,0.0,1.0,0.0,6.0,13.0,43.0,16.0,62.0
2023-08-19 05:00:00,26.0,0.0,6.0,2.0,7.0,2.0,9.0,1.0,6.0
2023-08-19 06:00:00,75.0,0.0,12.0,3.0,0.0,16.0,17.0,7.0,37.0
2023-08-19 07:00:00,146.0,0.0,58.0,59.0,17.0,79.0,55.0,32.0,122.0
2023-08-19 08:00:00,435.0,1.0,106.0,123.0,51.0,44.0,308.0,153.0,652.0
2023-08-19 09:00:00,1193.0,61.0,140.0,1117.0,532.0,1409.0,668.0,376.0,1030.0
2023-08-19 10:00:00,1992.0,25.0,97.0,1977.0,2491.0,4020.0,438.0,816.0,2195.0
2023-08-19 11:00:00,2140.0,72.0,80.0,1988.0,1558.0,5938.0,1588.0,1038.0,3689.0
2023-08-19 12:00:00,1846.0,107.0,104.0,2305.0,1512.0,6819.0,2261.0,1187.0,3459.0
2023-08-19 13:00:00,1875.0,203.0,53.0,3003.0,1351.0,6647.0,1424.0,1005.0,4816.0
2023-08-19 14:00:00,1967.0,82.0,51.0,3239.0,941.0,7223.0,370.0,792.0,4984.0
2023-08-19 15:00:00,1906.0,123.0,71.0,2371.0,316.0,6713.0,0.0,801.0,5567.0
2023-08-19 16:00:00,1823.0,180.0,58.0,1357.0,201.0,6421.0,57.0,1127.0,5247.0
2023-08-19 17:00:00,1894.0,122.0,51.0,736.0,210.0,5479.0,218.0,995.0,4051.0
2023-08-19 18:00:00,1346.0,99.0,53.0,547.0,203.0,355.0,328.0,939.0,2800.0
2023-08-19 19:00:00,1122.0,159.0,102.0,571.0,813.0,0.0,832.0,608.0,3001.0
2023-08-19 20:00:00,1141.0,197.0,53.0,292.0,1084.0,3569.0,1029.0,1028.0,3878.0
2023-08-19 21:00:00,1037.0,452.0,44.0,257.0,568.0,0.0,1989.0,1544.0,5015.0
2023-08-19 22:00:00,965.0,522.0,35.0,150.0,212.0,188.0,1769.0,1150.0,3070.0
2023-08-19 23:00:00,750.0,819.0,52.0,45.0,94.0,1160.0,948.0,675.0,1603.0
2023-08-20 00:00:00,556.0,184.0,34.0,24.0,39.0,12.0,468.0,311.0,708.0
2023-08-20 01:00:00,411.0,68.0,12.0,19.0,14.0,66.0,300.0,204.0,458.0
2023-08-20 02:00:00,239.0,50.0,2.0,16.0,31.0,163.0,116.0,73.0,174.0
2023-08-20 03:00:00,268.0,10.0,2.0,1.0,21.0,7.0,61.0,44.0,194.0
2023-08-20 04:00:00,239.0,7.0,21.0,3.0,13.0,97.0,81.0,85.0,361.0
2023-08-20 05:00:00,35.0,0.0,6.0,5.0,7.0,2.0,7.0,12.0,90.0
2023-08-20 06:00:00,61.0,6.0,19.0,21.0,1.0,0.0,19.0,10.0,118.0
2023-08-20 07:00:00,67.0,0.0,48.0,56.0,16.0,54.0,34.0,7.0,146.0
2023-08-20 08:00:00,195.0,6.0,53.0,65.0,86.0,21.0,212.0,62.0,231.0
2023-08-20 09:00:00,1191.0,25.0,99.0,191.0,445.0,1249.0,794.0,282.0,889.0
2023-08-20 10:00:00,1635.0,19.0,119.0,1318.0,1876.0,2989.0,837.0,462.0,1017.0
2023-08-20 11:00:00,1895.0,104.0,27.0,1381.0,1187.0,4452.0,923.0,458.0,1346.0
2023-08-20 12:00:00,1577.0,79.0,22.0,1572.0,1093.0,4008.0,506.0,365.0,1641.0
2023-08-20 13:00:00,1406.0,88.0,28.0,1867.0,815.0,4213.0,438.0,441.0,1590.0
2023-08-20 14:00:00,1252.0,93.0,28.0,1922.0,659.0,3951.0,704.0,446.0,2080.0
2023-08-20 15:00:00,1136.0,91.0,50.0,1559.0,212.0,2862.0,496.0,309.0,1951.0
2023-08-20 16:00:00,1647.0,71.0,29.0,1249.0,201.0,4807.0,453.0,451.0,2075.0
2023-08-20 17:00:00,1120.0,101.0,30.0,915.0,116.0,3252.0,157.0,467.0,1490.0
2023-08-20 18:00:00,700.0,30.0,40.0,364.0,120.0,625.0,334.0,353.0,1121.0
2023-08-20 19:00:00,692.0,49.0,23.0,221.0,163.0,617.0,0.0,289.0,1253.0
2023-08-20 20:00:00,647.0,29.0,34.0,260.0,145.0,472.0,183.0,500.0,1156.0
2023-08-20 21:00:00,430.0,30.0,24.0,170.0,120.0,997.0,596.0,350.0,1371.0
2023-08-20 22:00:00,349.0,64.0,20.0,114.0,73.0,845.0,181.0,65.0,459.0
2023-08-20 23:00:00,212.0,22.0,12.0,24.0,19.0,192.0,56.0,26.0,141.0
